country;continent;year;life_exp;pop;gdp_per_cap;Unnamed: 6;grupo
Afghanistan;Asia;1952.0;29.0;8425333.0;779.0;4453.0;Bajo
Afghanistan;Asia;1957.0;30.0;9240934.0;820.0;8530.0;Bajo
Afghanistan;Asia;1962.0;32.0;10267083.0;853.0;1007.0;Bajo
Afghanistan;Asia;1967.0;34.0;11537966.0;836.0;1971.0;Bajo
Afghanistan;Asia;1972.0;36.0;13079460.0;739.0;9811.0;Bajo
Afghanistan;Asia;1977.0;38.0;14880372.0;786.0;1134.0;Bajo
Afghanistan;Asia;1982.0;40.0;12881816.0;978.0;114.0;Bajo
Afghanistan;Asia;1987.0;41.0;13867957.0;852.0;3959.0;Bajo
Afghanistan;Asia;1992.0;42.0;16317921.0;649.0;3414.0;Bajo
Afghanistan;Asia;1997.0;42.0;22227415.0;635.0;3414.0;Bajo
Afghanistan;Asia;2002.0;42.0;25268405.0;726.0;7341.0;Bajo
Afghanistan;Asia;2007.0;44.0;31889923.0;974.0;5803.0;Bajo
Albania;Europe;1952.0;55.0;1282697.0;1601.0;561.0;Bajo
Albania;Europe;1957.0;59.0;1476505.0;1942.0;2842.0;Medio
Albania;Europe;1962.0;65.0;1728137.0;2312.0;8890.0;Medio
Albania;Europe;1967.0;66.0;1984060.0;2760.0;1969.0;Medio
Albania;Europe;1977.0;69.0;2509048.0;3533.0;39.0;Medio
Albania;Europe;1982.0;70.0;2780097.0;3630.0;8807.0;Medio
Albania;Europe;1987.0;72.0;3075321.0;3738.0;9327.0;Medio
Albania;Europe;1992.0;72.0;3326498.0;2497.0;4379.0;Medio
Albania;Europe;1997.0;73.0;3428038.0;3193.0;546.0;Medio
Albania;Europe;2002.0;76.0;3508512.0;4604.0;2117.0;Medio
Albania;Europe;2007.0;76.0;3600523.0;5937.0;295.0;Medio
Algeria;Africa;1952.0;43.0;9279525.0;2449.0;82.0;Medio
Algeria;Africa;1957.0;46.0;10270856.0;3013.0;9760.0;Medio
Algeria;Africa;1962.0;48.0;11000948.0;2550.0;8169.0;Medio
Algeria;Africa;1967.0;51.0;12760499.0;3246.0;9918.0;Medio
Algeria;Africa;1972.0;55.0;14760787.0;4182.0;6638.0;Medio
Algeria;Africa;1977.0;58.0;17152804.0;4910.0;4168.0;Medio
Algeria;Africa;1982.0;61.0;20033753.0;5745.0;1602.0;Medio
Algeria;Africa;1987.0;66.0;23254956.0;5681.0;3585.0;Medio
Algeria;Africa;1992.0;68.0;26298373.0;5023.0;2166.0;Medio
Algeria;Africa;1997.0;69.0;29072015.0;4797.0;2951.0;Medio
Algeria;Africa;2002.0;71.0;31287142.0;5288.0;404.0;Medio
Algeria;Africa;2007.0;72.0;33333216.0;6223.0;3675.0;Medio
Angola;Africa;1952.0;30.0;4232095.0;3520.0;6103.0;Medio
Angola;Africa;1957.0;32.0;4561361.0;3827.0;9405.0;Medio
Angola;Africa;1962.0;34.0;4826015.0;4269.0;2767.0;Medio
Angola;Africa;1967.0;36.0;5247469.0;5522.0;7764.0;Medio
Angola;Africa;1972.0;38.0;5894858.0;5473.0;2880.0;Medio
Angola;Africa;1977.0;39.0;6162675.0;3008.0;6474.0;Medio
Angola;Africa;1982.0;40.0;7016384.0;2756.0;9537.0;Medio
Angola;Africa;1987.0;40.0;7874230.0;2430.0;2083.0;Medio
Angola;Africa;1992.0;41.0;8735988.0;2627.0;8457.0;Medio
Angola;Africa;1997.0;41.0;9875024.0;2277.0;1409.0;Medio
Angola;Africa;2002.0;41.0;10866106.0;2773.0;2873.0;Medio
Angola;Africa;2007.0;43.0;12420476.0;4797.0;2313.0;Medio
Argentina;Americas;1952.0;62.0;17876956.0;5911.0;3151.0;Medio
Argentina;Americas;1957.0;64.0;19610538.0;6856.0;8562.0;Medio
Argentina;Americas;1962.0;65.0;21283783.0;7133.0;1660.0;Alto
Argentina;Americas;1967.0;66.0;22934225.0;8052.0;9530.0;Alto
Argentina;Americas;1972.0;67.0;24779799.0;9443.0;385.0;Alto
Argentina;Americas;1977.0;68.0;26983828.0;10079.0;267.0;Alto
Argentina;Americas;1982.0;70.0;29341374.0;8997.0;8974.0;Alto
Argentina;Americas;1992.0;72.0;33958947.0;9308.0;4187.0;Alto
Argentina;Americas;1997.0;73.0;36203463.0;10967.0;2820.0;Alto
Argentina;Americas;2002.0;74.0;38331121.0;8797.0;6407.0;Alto
Argentina;Americas;2007.0;75.0;40301927.0;12779.0;3796.0;Alto
Australia;Oceania;1952.0;69.0;8691212.0;10039.0;5956.0;Alto
Australia;Oceania;1957.0;70.0;9712569.0;10949.0;6496.0;Alto
Australia;Oceania;1962.0;71.0;10794968.0;12217.0;2269.0;Alto
Australia;Oceania;1967.0;71.0;11872264.0;14526.0;1247.0;Alto
Australia;Oceania;1972.0;72.0;13177000.0;16788.0;6295.0;Alto
Australia;Oceania;1977.0;73.0;14074100.0;18334.0;1975.0;Alto
Australia;Oceania;1982.0;75.0;15184200.0;19477.0;93.0;Alto
Australia;Oceania;1987.0;76.0;16257249.0;21888.0;8890.0;Alto
Australia;Oceania;1992.0;78.0;17481977.0;23424.0;7668.0;Alto
Australia;Oceania;1997.0;79.0;18565243.0;26997.0;9366.0;Alto
Australia;Oceania;2002.0;80.0;19546792.0;30687.0;7547.0;Alto
Australia;Oceania;2007.0;81.0;20434176.0;34435.0;3674.0;Alto
Austria;Europe;1952.0;67.0;6927772.0;6137.0;765.0;Medio
Austria;Europe;1957.0;67.0;6965860.0;8842.0;5980.0;Alto
Austria;Europe;1962.0;70.0;7129864.0;10750.0;7211.0;Alto
Austria;Europe;1967.0;70.0;7376998.0;12834.0;6024.0;Alto
Austria;Europe;1972.0;71.0;7544201.0;16661.0;6256.0;Alto
Austria;Europe;1977.0;72.0;7568430.0;19749.0;4223.0;Alto
Austria;Europe;1982.0;73.0;7574613.0;21597.0;836.0;Alto
Austria;Europe;1987.0;75.0;7578903.0;23687.0;8261.0;Alto
Austria;Europe;1992.0;76.0;7914969.0;27042.0;187.0;Alto
Austria;Europe;1997.0;78.0;8069876.0;29095.0;9207.0;Alto
Austria;Europe;2002.0;79.0;8148312.0;32417.0;6077.0;Alto
Austria;Europe;2007.0;80.0;8199783.0;36126.0;4927.0;Alto
Bahrain;Asia;1982.0;69.0;377967.0;19211.0;1473.0;Alto
Bahrain;Asia;1987.0;71.0;454612.0;18524.0;241.0;Alto
Bahrain;Asia;1992.0;73.0;529491.0;19035.0;5792.0;Alto
Bahrain;Asia;1997.0;74.0;598561.0;20292.0;168.0;Alto
Bahrain;Asia;2002.0;75.0;656397.0;23403.0;5593.0;Alto
Bahrain;Asia;2007.0;76.0;708573.0;29796.0;483.0;Alto
Bangladesh;Asia;1952.0;37.0;46886859.0;684.0;2442.0;Bajo
Bangladesh;Asia;1957.0;39.0;51365468.0;661.0;6375.0;Bajo
Bangladesh;Asia;1972.0;45.0;70759295.0;630.0;2336.0;Bajo
Bangladesh;Asia;1977.0;47.0;80428306.0;659.0;8772.0;Bajo
Bangladesh;Asia;1982.0;50.0;93074406.0;676.0;9819.0;Bajo
Bangladesh;Asia;1987.0;53.0;103764241.0;751.0;9794.0;Bajo
Bangladesh;Asia;1997.0;59.0;123315288.0;972.0;7700.0;Bajo
Bangladesh;Asia;2002.0;62.0;135656790.0;1136.0;3904.0;Bajo
Bangladesh;Asia;2007.0;64.0;150448339.0;1391.0;2538.0;Bajo
Belgium;Europe;1952.0;68.0;8730405.0;8343.0;1051.0;Alto
Belgium;Europe;1957.0;69.0;8989111.0;9714.0;9606.0;Alto
Belgium;Europe;1962.0;70.0;9218400.0;10991.0;2068.0;Alto
Belgium;Europe;1967.0;71.0;9556500.0;13149.0;412.0;Alto
Belgium;Europe;1972.0;71.0;9709100.0;16672.0;1436.0;Alto
Belgium;Europe;1977.0;73.0;9821800.0;19117.0;9745.0;Alto
Belgium;Europe;1982.0;74.0;9856303.0;20979.0;8459.0;Alto
Belgium;Europe;1987.0;75.0;9870200.0;22525.0;5631.0;Alto
Belgium;Europe;1992.0;76.0;10045622.0;25575.0;5707.0;Alto
Belgium;Europe;1997.0;78.0;10199787.0;27561.0;1966.0;Alto
Belgium;Europe;2002.0;78.0;10311970.0;30485.0;8838.0;Alto
Belgium;Europe;2007.0;79.0;10392226.0;33692.0;6051.0;Alto
Benin;Africa;1952.0;38.0;1738315.0;1062.0;7522.0;Bajo
Benin;Africa;1957.0;40.0;1925173.0;959.0;6011.0;Bajo
Benin;Africa;1962.0;43.0;2151895.0;949.0;4991.0;Bajo
Benin;Africa;1967.0;45.0;2427334.0;1035.0;8314.0;Bajo
Benin;Africa;1972.0;47.0;2761407.0;1085.0;7969.0;Bajo
Benin;Africa;1977.0;49.0;3168267.0;1029.0;1613.0;Bajo
Benin;Africa;1982.0;51.0;3641603.0;1277.0;8976.0;Bajo
Benin;Africa;1987.0;52.0;4243788.0;1225.0;8560.0;Bajo
Benin;Africa;1992.0;54.0;4981671.0;1191.0;2077.0;Bajo
Benin;Africa;1997.0;55.0;6066080.0;1232.0;9753.0;Bajo
Benin;Africa;2002.0;54.0;7026113.0;1372.0;8779.0;Bajo
Benin;Africa;2007.0;57.0;8078314.0;1441.0;2849.0;Bajo
Bolivia;Americas;1952.0;40.0;2883315.0;2677.0;3263.0;Medio
Bolivia;Americas;1957.0;42.0;3211738.0;2127.0;6863.0;Medio
Bolivia;Americas;1962.0;43.0;3593918.0;2180.0;9725.0;Medio
Bolivia;Americas;1967.0;45.0;4040665.0;2586.0;8861.0;Medio
Bolivia;Americas;1972.0;47.0;4565872.0;2980.0;3313.0;Medio
Bolivia;Americas;1977.0;50.0;5079716.0;3548.0;978.0;Medio
Bolivia;Americas;1982.0;54.0;5642224.0;3156.0;5105.0;Medio
Bolivia;Americas;1987.0;57.0;6156369.0;2753.0;6915.0;Medio
Bolivia;Americas;1992.0;60.0;6893451.0;2961.0;6997.0;Medio
Bolivia;Americas;1997.0;62.0;7693188.0;3326.0;1432.0;Medio
Bolivia;Americas;2002.0;64.0;8445134.0;3413.0;2627.0;Medio
Bolivia;Americas;2007.0;66.0;9119152.0;3822.0;1371.0;Medio
Bosnia and Herzegovina;Europe;1952.0;54.0;2791000.0;973.0;5332.0;Bajo
Bosnia and Herzegovina;Europe;1957.0;58.0;3076000.0;1353.0;9892.0;Bajo
Bosnia and Herzegovina;Europe;1962.0;62.0;3349000.0;1709.0;6837.0;Medio
Bosnia and Herzegovina;Europe;1967.0;65.0;3585000.0;2172.0;3524.0;Medio
Bosnia and Herzegovina;Europe;1972.0;67.0;3819000.0;2860.0;1698.0;Medio
Bosnia and Herzegovina;Europe;1977.0;70.0;4086000.0;3528.0;4813.0;Medio
Bosnia and Herzegovina;Europe;1982.0;71.0;4172693.0;4126.0;6132.0;Medio
Bosnia and Herzegovina;Europe;1987.0;71.0;4338977.0;4314.0;1148.0;Medio
Bosnia and Herzegovina;Europe;1992.0;72.0;4256013.0;2546.0;7814.0;Medio
Bosnia and Herzegovina;Europe;1997.0;73.0;3607000.0;4766.0;3559.0;Medio
Bosnia and Herzegovina;Europe;2002.0;74.0;4165416.0;6018.0;9752.0;Medio
Bosnia and Herzegovina;Europe;2007.0;75.0;4552198.0;7446.0;2988.0;Alto
Botswana;Africa;1952.0;48.0;442308.0;851.0;2411.0;Bajo
Botswana;Africa;1957.0;50.0;474639.0;918.0;2325.0;Bajo
Botswana;Africa;1962.0;52.0;512764.0;983.0;6540.0;Bajo
Botswana;Africa;1967.0;53.0;553541.0;1214.0;7093.0;Bajo
Botswana;Africa;1972.0;56.0;619351.0;2263.0;6111.0;Medio
Botswana;Africa;1977.0;59.0;781472.0;3214.0;8578.0;Medio
Botswana;Africa;1982.0;61.0;970347.0;4551.0;1422.0;Medio
Brazil;Americas;1977.0;61.0;114313951.0;6660.0;1187.0;Medio
Brazil;Americas;1982.0;63.0;128962939.0;7030.0;8359.0;Alto
Brazil;Americas;1987.0;65.0;142938076.0;7807.0;958.0;Alto
Brazil;Americas;1992.0;67.0;155975974.0;6950.0;2830.0;Alto
Brazil;Americas;1997.0;69.0;168546719.0;7957.0;9808.0;Alto
Brazil;Americas;2002.0;71.0;179914212.0;8131.0;2128.0;Alto
Brazil;Americas;2007.0;72.0;190010647.0;9065.0;8008.0;Alto
Bulgaria;Europe;1952.0;60.0;7274900.0;2444.0;2866.0;Medio
Bulgaria;Europe;1957.0;67.0;7651254.0;3008.0;6707.0;Medio
Bulgaria;Europe;1962.0;70.0;8012946.0;4254.0;3378.0;Medio
Bulgaria;Europe;1967.0;70.0;8310226.0;5577.0;28.0;Medio
Bulgaria;Europe;1972.0;71.0;8576200.0;6597.0;4944.0;Medio
Bulgaria;Europe;1977.0;71.0;8797022.0;7612.0;2404.0;Alto
Bulgaria;Europe;1982.0;71.0;8892098.0;8224.0;1916.0;Alto
Bulgaria;Europe;1987.0;71.0;8971958.0;8239.0;8548.0;Alto
Bulgaria;Europe;1992.0;71.0;8658506.0;6302.0;6234.0;Medio
Bulgaria;Europe;1997.0;70.0;8066057.0;5970.0;3888.0;Medio
Bulgaria;Europe;2002.0;72.0;7661799.0;7696.0;7777.0;Alto
Bulgaria;Europe;2007.0;73.0;7322858.0;10680.0;7928.0;Alto
Burkina Faso;Africa;1952.0;32.0;4469979.0;543.0;2552.0;Bajo
Burkina Faso;Africa;1957.0;35.0;4713416.0;617.0;1835.0;Bajo
Burkina Faso;Africa;1962.0;38.0;4919632.0;722.0;5120.0;Bajo
Burkina Faso;Africa;1967.0;41.0;5127935.0;794.0;8266.0;Bajo
Burkina Faso;Africa;1972.0;44.0;5433886.0;854.0;7360.0;Bajo
Burkina Faso;Africa;1977.0;46.0;5889574.0;743.0;3870.0;Bajo
Burkina Faso;Africa;1982.0;48.0;6634596.0;807.0;1986.0;Bajo
Burkina Faso;Africa;1987.0;50.0;7586551.0;912.0;631.0;Bajo
Burkina Faso;Africa;1992.0;50.0;8878303.0;931.0;7528.0;Bajo
Burkina Faso;Africa;1997.0;50.0;10352843.0;946.0;2950.0;Bajo
Burkina Faso;Africa;2002.0;51.0;12251209.0;1037.0;6452.0;Bajo
Burkina Faso;Africa;2007.0;52.0;14326203.0;1217.0;330.0;Bajo
Burundi;Africa;1952.0;39.0;2445618.0;339.0;2965.0;Bajo
Burundi;Africa;1957.0;41.0;2667518.0;379.0;5646.0;Bajo
Burundi;Africa;1962.0;42.0;2961915.0;355.0;2032.0;Bajo
Burundi;Africa;1967.0;44.0;3330989.0;412.0;9775.0;Bajo
Burundi;Africa;1972.0;44.0;3529983.0;464.0;995.0;Bajo
Burundi;Africa;1977.0;46.0;3834415.0;556.0;1033.0;Bajo
Burundi;Africa;1982.0;47.0;4580410.0;559.0;6032.0;Bajo
Burundi;Africa;1987.0;48.0;5126023.0;621.0;8188.0;Bajo
Burundi;Africa;1992.0;45.0;5809236.0;631.0;6999.0;Bajo
Burundi;Africa;1997.0;45.0;6121610.0;463.0;1151.0;Bajo
Burundi;Africa;2002.0;47.0;7021078.0;446.0;4035.0;Bajo
Burundi;Africa;2007.0;50.0;8390505.0;430.0;707.0;Bajo
Cambodia;Asia;1952.0;39.0;4693836.0;368.0;4693.0;Bajo
Cambodia;Asia;1957.0;41.0;5322536.0;434.0;383.0;Bajo
Cambodia;Asia;1962.0;43.0;6083619.0;496.0;9136.0;Bajo
Cambodia;Asia;1967.0;45.0;6960067.0;523.0;4323.0;Bajo
Cambodia;Asia;1972.0;40.0;7450606.0;421.0;6240.0;Bajo
Cambodia;Asia;1977.0;31.0;6978607.0;524.0;9722.0;Bajo
Cambodia;Asia;1982.0;51.0;7272485.0;624.0;4755.0;Bajo
Cambodia;Asia;1987.0;54.0;8371791.0;683.0;8956.0;Bajo
Cambodia;Asia;1992.0;56.0;10150094.0;682.0;3032.0;Bajo
Cambodia;Asia;1997.0;57.0;11782962.0;734.0;2852.0;Bajo
Cambodia;Asia;2002.0;57.0;12926707.0;896.0;2260.0;Bajo
Cambodia;Asia;2007.0;60.0;14131858.0;1713.0;7787.0;Medio
Cameroon;Africa;1952.0;39.0;5009067.0;1172.0;6677.0;Bajo
Cameroon;Africa;1957.0;40.0;5359923.0;1313.0;481.0;Bajo
Cameroon;Africa;1962.0;43.0;5793633.0;1399.0;6074.0;Bajo
Cameroon;Africa;1967.0;45.0;6335506.0;1508.0;4531.0;Bajo
Cameroon;Africa;1972.0;47.0;7021028.0;1684.0;1465.0;Medio
Cameroon;Africa;1977.0;49.0;7959865.0;1783.0;4329.0;Medio
Cameroon;Africa;1982.0;53.0;9250831.0;2367.0;9833.0;Medio
Cameroon;Africa;1987.0;55.0;10780667.0;2602.0;6642.0;Medio
Cameroon;Africa;1992.0;54.0;12467171.0;1793.0;1633.0;Medio
Cameroon;Africa;1997.0;52.0;14195809.0;1694.0;3375.0;Medio
Cameroon;Africa;2002.0;50.0;15929988.0;1934.0;114.0;Medio
Cameroon;Africa;2007.0;50.0;17696293.0;2042.0;952.0;Medio
Canada;Americas;1952.0;69.0;14785584.0;11367.0;1611.0;Alto
Canada;Americas;1957.0;70.0;17010154.0;12489.0;9501.0;Alto
Canada;Americas;1962.0;71.0;18985849.0;13462.0;4856.0;Alto
Canada;Americas;1967.0;72.0;20819767.0;16076.0;5880.0;Alto
Canada;Americas;1972.0;73.0;22284500.0;18970.0;5709.0;Alto
Canada;Americas;1977.0;74.0;23796400.0;22090.0;8831.0;Alto
Canada;Americas;1982.0;76.0;25201900.0;22898.0;7921.0;Alto
Canada;Americas;1987.0;77.0;26549700.0;26626.0;5150.0;Alto
Canada;Americas;1992.0;78.0;28523502.0;26342.0;8843.0;Alto
Canada;Americas;1997.0;79.0;30305843.0;28954.0;9259.0;Alto
Canada;Americas;2002.0;80.0;31902268.0;33328.0;9651.0;Alto
Canada;Americas;2007.0;81.0;33390141.0;36319.0;2350.0;Alto
Central African Republic;Africa;1952.0;35.0;1291695.0;1071.0;3107.0;Bajo
Central African Republic;Africa;1957.0;37.0;1392284.0;1190.0;8443.0;Bajo
Central African Republic;Africa;1962.0;39.0;1523478.0;1193.0;688.0;Bajo
Central African Republic;Africa;1967.0;41.0;1733638.0;1136.0;566.0;Bajo
Central African Republic;Africa;1972.0;43.0;1927260.0;1070.0;133.0;Bajo
Central African Republic;Africa;1977.0;47.0;2167533.0;1109.0;3743.0;Bajo
Central African Republic;Africa;1982.0;48.0;2476971.0;956.0;7530.0;Bajo
Central African Republic;Africa;1987.0;50.0;2840009.0;844.0;8764.0;Bajo
Central African Republic;Africa;1992.0;49.0;3265124.0;747.0;9055.0;Bajo
Central African Republic;Africa;1997.0;46.0;3696513.0;740.0;5063.0;Bajo
Central African Republic;Africa;2002.0;43.0;4048013.0;738.0;6906.0;Bajo
Central African Republic;Africa;2007.0;45.0;4369038.0;706.0;165.0;Bajo
Chad;Africa;1952.0;38.0;2682462.0;1178.0;6659.0;Bajo
Chad;Africa;1957.0;40.0;2894855.0;1308.0;4956.0;Bajo
Chad;Africa;1962.0;42.0;3150417.0;1389.0;8176.0;Bajo
Chad;Africa;1967.0;44.0;3495967.0;1196.0;8106.0;Bajo
Chad;Africa;1972.0;46.0;3899068.0;1104.0;1040.0;Bajo
Chad;Africa;1977.0;47.0;4388260.0;1133.0;9850.0;Bajo
Chad;Africa;1982.0;50.0;4875118.0;797.0;9081.0;Bajo
Chad;Africa;1987.0;51.0;5498955.0;952.0;3861.0;Bajo
Chad;Africa;1992.0;52.0;6429417.0;1058.0;643.0;Bajo
Chad;Africa;1997.0;52.0;7562011.0;1004.0;9614.0;Bajo
Chad;Africa;2002.0;51.0;8835739.0;1156.0;1819.0;Bajo
Chad;Africa;2007.0;51.0;10238807.0;1704.0;637.0;Medio
Chile;Americas;1952.0;55.0;6377619.0;3939.0;9788.0;Medio
Chile;Americas;1957.0;56.0;7048426.0;4315.0;6227.0;Medio
Chile;Americas;1962.0;58.0;7961258.0;4519.0;943.0;Medio
Chile;Americas;1967.0;61.0;8858908.0;5106.0;6543.0;Medio
Chile;Americas;1972.0;63.0;9717524.0;5494.0;244.0;Medio
Chile;Americas;1977.0;67.0;10599793.0;4756.0;7638.0;Medio
Chile;Americas;1982.0;71.0;11487112.0;5095.0;6657.0;Medio
Chile;Americas;1987.0;72.0;12463354.0;5547.0;638.0;Medio
Chile;Americas;1992.0;74.0;13572994.0;7596.0;1260.0;Alto
Chile;Americas;1997.0;76.0;14599929.0;10118.0;532.0;Alto
Chile;Americas;2002.0;78.0;15497046.0;10778.0;7839.0;Alto
Chile;Americas;2007.0;79.0;16284741.0;13171.0;6389.0;Alto
China;Asia;1952.0;44.0;556263527.0;400.0;4486.0;Bajo
China;Asia;1957.0;51.0;637408000.0;575.0;9870.0;Bajo
China;Asia;1962.0;45.0;665770000.0;487.0;6740.0;Bajo
China;Asia;1967.0;58.0;754550000.0;612.0;7057.0;Bajo
China;Asia;1972.0;63.0;862030000.0;676.0;9001.0;Bajo
China;Asia;1977.0;64.0;943455000.0;741.0;2375.0;Bajo
China;Asia;1982.0;66.0;1000281000.0;962.0;4214.0;Bajo
China;Asia;1987.0;67.0;1084035000.0;1378.0;9040.0;Bajo
China;Asia;1992.0;69.0;1164970000.0;1655.0;7842.0;Bajo
China;Asia;1997.0;70.0;1230075000.0;2289.0;2341.0;Medio
China;Asia;2002.0;72.0;1280400000.0;3119.0;2809.0;Medio
China;Asia;2007.0;73.0;1318683096.0;4959.0;1149.0;Medio
Colombia;Americas;1952.0;51.0;12350771.0;2144.0;1151.0;Medio
Colombia;Americas;1957.0;55.0;14485993.0;2323.0;8056.0;Medio
Colombia;Americas;1962.0;58.0;17009885.0;2492.0;3511.0;Medio
Colombia;Americas;1967.0;60.0;19764027.0;2678.0;7298.0;Medio
Colombia;Americas;1972.0;62.0;22542890.0;3264.0;6600.0;Medio
Colombia;Americas;1977.0;64.0;25094412.0;3815.0;8079.0;Medio
Colombia;Americas;1982.0;67.0;27764644.0;4397.0;5757.0;Medio
Colombia;Americas;1987.0;68.0;30964245.0;4903.0;2191.0;Medio
Colombia;Americas;1992.0;68.0;34202721.0;5444.0;6486.0;Medio
Colombia;Americas;1997.0;70.0;37657830.0;6117.0;3617.0;Medio
Colombia;Americas;2002.0;72.0;41008227.0;5755.0;2600.0;Medio
Colombia;Americas;2007.0;73.0;44227550.0;7006.0;5804.0;Alto
Comoros;Africa;1952.0;41.0;153936.0;1102.0;9909.0;Bajo
Comoros;Africa;1957.0;42.0;170928.0;1211.0;1485.0;Bajo
Comoros;Africa;1962.0;44.0;191689.0;1406.0;6483.0;Bajo
Comoros;Africa;1967.0;46.0;217378.0;1876.0;296.0;Medio
Comoros;Africa;1972.0;49.0;250027.0;1937.0;5777.0;Medio
Comoros;Africa;1977.0;51.0;304739.0;1172.0;6030.0;Bajo
Comoros;Africa;1982.0;53.0;348643.0;1267.0;1001.0;Bajo
Comoros;Africa;1987.0;55.0;395114.0;1315.0;9808.0;Bajo
Comoros;Africa;1992.0;58.0;454429.0;1246.0;9074.0;Bajo
Comoros;Africa;1997.0;61.0;527982.0;1173.0;6182.0;Bajo
Comoros;Africa;2002.0;63.0;614382.0;1075.0;8116.0;Bajo
Comoros;Africa;2007.0;65.0;710960.0;986.0;1479.0;Bajo
Costa Rica;Americas;1952.0;57.0;926317.0;2627.0;95.0;Medio
Costa Rica;Americas;1957.0;60.0;1112300.0;2990.0;108.0;Medio
Costa Rica;Americas;1962.0;63.0;1345187.0;3460.0;9370.0;Medio
Costa Rica;Americas;1967.0;65.0;1588717.0;4161.0;7278.0;Medio
Costa Rica;Americas;1972.0;68.0;1834796.0;5118.0;1469.0;Medio
Costa Rica;Americas;1977.0;71.0;2108457.0;5926.0;8770.0;Medio
Costa Rica;Americas;1982.0;73.0;2424367.0;5262.0;7348.0;Medio
Costa Rica;Americas;1987.0;75.0;2799811.0;5629.0;9153.0;Medio
Costa Rica;Americas;1992.0;76.0;3173216.0;6160.0;4163.0;Medio
Costa Rica;Americas;1997.0;77.0;3518107.0;6677.0;453.0;Medio
Costa Rica;Americas;2002.0;78.0;3834934.0;7723.0;4472.0;Alto
Costa Rica;Americas;2007.0;79.0;4133884.0;9645.0;614.0;Alto
Cote d'Ivoire;Africa;1952.0;40.0;2977019.0;1388.0;5947.0;Bajo
Cote d'Ivoire;Africa;1957.0;42.0;3300000.0;1500.0;8959.0;Bajo
Cote d'Ivoire;Africa;1962.0;45.0;3832408.0;1728.0;8694.0;Medio
Cote d'Ivoire;Africa;1967.0;47.0;4744870.0;2052.0;505.0;Medio
Cote d'Ivoire;Africa;1972.0;50.0;6071696.0;2378.0;2011.0;Medio
Cote d'Ivoire;Africa;1977.0;52.0;7459574.0;2517.0;7365.0;Medio
Cote d'Ivoire;Africa;1982.0;54.0;9025951.0;2602.0;7102.0;Medio
Cote d'Ivoire;Africa;1987.0;55.0;10761098.0;2156.0;9561.0;Medio
Cote d'Ivoire;Africa;1992.0;52.0;12772596.0;1648.0;738.0;Bajo
Cote d'Ivoire;Africa;1997.0;48.0;14625967.0;1786.0;2654.0;Medio
Cote d'Ivoire;Africa;2002.0;47.0;16252726.0;1648.0;8008.0;Bajo
Cote d'Ivoire;Africa;2007.0;48.0;18013409.0;1544.0;7501.0;Bajo
Croatia;Europe;1952.0;61.0;3882229.0;3119.0;2365.0;Medio
Croatia;Europe;1957.0;65.0;3991242.0;4338.0;2316.0;Medio
Croatia;Europe;1962.0;67.0;4076557.0;5477.0;8900.0;Medio
Croatia;Europe;1967.0;69.0;4174366.0;6960.0;2979.0;Alto
Croatia;Europe;1972.0;70.0;4225310.0;9164.0;901.0;Alto
Croatia;Europe;1977.0;71.0;4318673.0;11305.0;3852.0;Alto
Croatia;Europe;1982.0;70.0;4413368.0;13221.0;8218.0;Alto
Croatia;Europe;1987.0;72.0;4484310.0;13822.0;5839.0;Alto
Croatia;Europe;1992.0;73.0;4494013.0;8447.0;7949.0;Alto
Croatia;Europe;1997.0;74.0;4444595.0;9875.0;6045.0;Alto
Croatia;Europe;2002.0;75.0;4481020.0;11628.0;3890.0;Alto
Croatia;Europe;2007.0;76.0;4493312.0;14619.0;2227.0;Alto
Cuba;Americas;1952.0;59.0;6007797.0;5586.0;5388.0;Medio
Cuba;Americas;1957.0;62.0;6640752.0;6092.0;1744.0;Medio
Cuba;Americas;1962.0;65.0;7254373.0;5180.0;7559.0;Medio
Cuba;Americas;1967.0;68.0;8139332.0;5690.0;2680.0;Medio
Cuba;Americas;1972.0;71.0;8831348.0;5305.0;4453.0;Medio
Cuba;Americas;1977.0;73.0;9537988.0;6380.0;4950.0;Medio
Cuba;Americas;1982.0;74.0;9789224.0;7316.0;9181.0;Alto
Cuba;Americas;1987.0;74.0;10239839.0;7532.0;9248.0;Alto
Cuba;Americas;1992.0;74.0;10723260.0;5592.0;8440.0;Medio
Cuba;Americas;1997.0;76.0;10983007.0;5431.0;9904.0;Medio
Cuba;Americas;2002.0;77.0;11226999.0;6340.0;6467.0;Medio
Cuba;Americas;2007.0;78.0;11416987.0;8948.0;1029.0;Alto
Czech Republic;Europe;1952.0;67.0;9125183.0;6876.0;1403.0;Medio
Czech Republic;Europe;1957.0;69.0;9513758.0;8256.0;3439.0;Alto
Czech Republic;Europe;1962.0;70.0;9620282.0;10136.0;8671.0;Alto
Czech Republic;Europe;1967.0;70.0;9835109.0;11399.0;4449.0;Alto
Czech Republic;Europe;1972.0;70.0;9862158.0;13108.0;4536.0;Alto
Czech Republic;Europe;1977.0;71.0;10161915.0;14800.0;1606.0;Alto
Czech Republic;Europe;1982.0;71.0;10303704.0;15377.0;2286.0;Alto
Czech Republic;Europe;1987.0;72.0;10311597.0;16310.0;4434.0;Alto
Czech Republic;Europe;1992.0;72.0;10315702.0;14297.0;212.0;Alto
Czech Republic;Europe;1997.0;74.0;10300707.0;16048.0;5142.0;Alto
Czech Republic;Europe;2002.0;76.0;10256295.0;17596.0;2102.0;Alto
Czech Republic;Europe;2007.0;76.0;10228744.0;22833.0;3085.0;Alto
Denmark;Europe;1952.0;71.0;4334000.0;9692.0;3852.0;Alto
Denmark;Europe;1957.0;72.0;4487831.0;11099.0;6594.0;Alto
Denmark;Europe;1962.0;72.0;4646899.0;13583.0;3135.0;Alto
Denmark;Europe;1967.0;73.0;4838800.0;15937.0;2112.0;Alto
Denmark;Europe;1972.0;73.0;4991596.0;18866.0;2072.0;Alto
Denmark;Europe;1977.0;75.0;5088419.0;20422.0;9015.0;Alto
Denmark;Europe;1982.0;75.0;5117810.0;21688.0;405.0;Alto
Denmark;Europe;1987.0;75.0;5127024.0;25116.0;1758.0;Alto
Denmark;Europe;1992.0;75.0;5171393.0;26406.0;7399.0;Alto
Denmark;Europe;1997.0;76.0;5283663.0;29804.0;3457.0;Alto
Denmark;Europe;2002.0;77.0;5374693.0;32166.0;5001.0;Alto
Denmark;Europe;2007.0;78.0;5468120.0;35278.0;4187.0;Alto
Djibouti;Africa;1952.0;35.0;63149.0;2669.0;5295.0;Medio
Djibouti;Africa;1957.0;37.0;71851.0;2864.0;9691.0;Medio
Djibouti;Africa;1962.0;40.0;89898.0;3020.0;9893.0;Medio
Djibouti;Africa;1967.0;42.0;127617.0;3020.0;505.0;Medio
Djibouti;Africa;1972.0;44.0;178848.0;3694.0;2124.0;Medio
Djibouti;Africa;1977.0;47.0;228694.0;3081.0;7610.0;Medio
Djibouti;Africa;1982.0;49.0;305991.0;2879.0;4681.0;Medio
Djibouti;Africa;1987.0;50.0;311025.0;2880.0;1026.0;Medio
Djibouti;Africa;1992.0;52.0;384156.0;2377.0;1562.0;Medio
Djibouti;Africa;1997.0;53.0;417908.0;1895.0;170.0;Medio
Djibouti;Africa;2002.0;53.0;447416.0;1908.0;2609.0;Medio
Djibouti;Africa;2007.0;55.0;496374.0;2082.0;4816.0;Medio
Dominican Republic;Americas;1952.0;46.0;2491346.0;1397.0;7171.0;Bajo
Dominican Republic;Americas;1957.0;50.0;2923186.0;1544.0;4030.0;Bajo
Dominican Republic;Americas;1962.0;53.0;3453434.0;1662.0;1374.0;Medio
Dominican Republic;Americas;1967.0;57.0;4049146.0;1653.0;7230.0;Bajo
Dominican Republic;Americas;1972.0;60.0;4671329.0;2189.0;8745.0;Medio
Dominican Republic;Americas;1977.0;62.0;5302800.0;2681.0;9889.0;Medio
Dominican Republic;Americas;1982.0;64.0;5968349.0;2861.0;924.0;Medio
Dominican Republic;Americas;1987.0;66.0;6655297.0;2899.0;8422.0;Medio
Dominican Republic;Americas;1992.0;68.0;7351181.0;3044.0;2142.0;Medio
Dominican Republic;Americas;1997.0;70.0;7992357.0;3614.0;1013.0;Medio
Dominican Republic;Americas;2002.0;71.0;8650322.0;4563.0;8082.0;Medio
Dominican Republic;Americas;2007.0;72.0;9319622.0;6025.0;3748.0;Medio
Ecuador;Americas;1952.0;48.0;3548753.0;3522.0;1107.0;Medio
Ecuador;Americas;1957.0;51.0;4058385.0;3780.0;5467.0;Medio
Ecuador;Americas;1962.0;55.0;4681707.0;4086.0;1141.0;Medio
Ecuador;Americas;1967.0;57.0;5432424.0;4579.0;742.0;Medio
Ecuador;Americas;1972.0;59.0;6298651.0;5280.0;9947.0;Medio
Ecuador;Americas;1977.0;61.0;7278866.0;6679.0;6233.0;Medio
Ecuador;Americas;1982.0;64.0;8365850.0;7213.0;7913.0;Alto
Ecuador;Americas;1987.0;67.0;9545158.0;6481.0;7770.0;Medio
Ecuador;Americas;1992.0;70.0;10748394.0;7103.0;7026.0;Alto
Ecuador;Americas;1997.0;72.0;11911819.0;7429.0;4559.0;Alto
Ecuador;Americas;2002.0;74.0;12921234.0;5773.0;445.0;Medio
Ecuador;Americas;2007.0;75.0;13755680.0;6873.0;2623.0;Medio
Egypt;Africa;1952.0;42.0;22223309.0;1418.0;8224.0;Bajo
Egypt;Africa;1957.0;44.0;25009741.0;1458.0;9153.0;Bajo
Egypt;Africa;1962.0;47.0;28173309.0;1693.0;3359.0;Medio
Egypt;Africa;1967.0;49.0;31681188.0;1814.0;8807.0;Medio
Egypt;Africa;1972.0;51.0;34807417.0;2024.0;81.0;Medio
Egypt;Africa;1977.0;53.0;38783863.0;2785.0;4936.0;Medio
Egypt;Africa;1982.0;56.0;45681811.0;3503.0;7296.0;Medio
Egypt;Africa;1987.0;60.0;52799062.0;3885.0;4607.0;Medio
Egypt;Africa;1992.0;64.0;59402198.0;3794.0;7552.0;Medio
Egypt;Africa;1997.0;67.0;66134291.0;4173.0;1818.0;Medio
Egypt;Africa;2002.0;70.0;73312559.0;4754.0;6044.0;Medio
Egypt;Africa;2007.0;71.0;80264543.0;5581.0;1810.0;Medio
El Salvador;Americas;1952.0;45.0;2042865.0;3048.0;3029.0;Medio
El Salvador;Americas;1957.0;49.0;2355805.0;3421.0;5232.0;Medio
El Salvador;Americas;1962.0;52.0;2747687.0;3776.0;8036.0;Medio
El Salvador;Americas;1967.0;56.0;3232927.0;4358.0;5954.0;Medio
El Salvador;Americas;1972.0;58.0;3790903.0;4520.0;2460.0;Medio
El Salvador;Americas;1982.0;57.0;4474873.0;4098.0;3442.0;Medio
El Salvador;Americas;1987.0;63.0;4842194.0;4140.0;4421.0;Medio
El Salvador;Americas;1992.0;67.0;5274649.0;4444.0;2317.0;Medio
El Salvador;Americas;1997.0;70.0;5783439.0;5154.0;8255.0;Medio
El Salvador;Americas;2002.0;71.0;6353681.0;5351.0;5687.0;Medio
Equatorial Guinea;Africa;1972.0;41.0;277603.0;672.0;4123.0;Bajo
Equatorial Guinea;Africa;1977.0;42.0;192675.0;958.0;5668.0;Bajo
Equatorial Guinea;Africa;1982.0;44.0;285483.0;927.0;8253.0;Bajo
Equatorial Guinea;Africa;1987.0;46.0;341244.0;966.0;8968.0;Bajo
Equatorial Guinea;Africa;1992.0;48.0;387838.0;1132.0;550.0;Bajo
Equatorial Guinea;Africa;1997.0;48.0;439971.0;2814.0;4808.0;Medio
Equatorial Guinea;Africa;2002.0;49.0;495627.0;7703.0;4959.0;Alto
Equatorial Guinea;Africa;2007.0;52.0;551201.0;12154.0;898.0;Alto
Eritrea;Africa;1952.0;36.0;1438760.0;328.0;9406.0;Bajo
Eritrea;Africa;1957.0;38.0;1542611.0;344.0;1619.0;Bajo
Eritrea;Africa;1962.0;40.0;1666618.0;380.0;9958.0;Bajo
Eritrea;Africa;1967.0;42.0;1820319.0;468.0;7950.0;Bajo
Eritrea;Africa;1972.0;44.0;2260187.0;514.0;3242.0;Bajo
Eritrea;Africa;1977.0;45.0;2512642.0;505.0;7538.0;Bajo
Eritrea;Africa;1982.0;44.0;2637297.0;524.0;8758.0;Bajo
Eritrea;Africa;1987.0;46.0;2915959.0;521.0;1341.0;Bajo
Eritrea;Africa;1992.0;50.0;3668440.0;582.0;8585.0;Bajo
Eritrea;Africa;1997.0;53.0;4058319.0;913.0;4708.0;Bajo
Eritrea;Africa;2002.0;55.0;4414865.0;765.0;3500.0;Bajo
Eritrea;Africa;2007.0;58.0;4906585.0;641.0;3695.0;Bajo
Ethiopia;Africa;1952.0;34.0;20860941.0;362.0;1463.0;Bajo
Ethiopia;Africa;1957.0;37.0;22815614.0;378.0;9042.0;Bajo
Ethiopia;Africa;1962.0;40.0;25145372.0;419.0;4564.0;Bajo
Ethiopia;Africa;1967.0;42.0;27860297.0;516.0;1186.0;Bajo
Ethiopia;Africa;1972.0;44.0;30770372.0;566.0;2439.0;Bajo
Ethiopia;Africa;1977.0;45.0;34617799.0;556.0;8084.0;Bajo
Ethiopia;Africa;1987.0;47.0;42999530.0;573.0;7413.0;Bajo
Ethiopia;Africa;1992.0;48.0;52088559.0;421.0;3535.0;Bajo
Ethiopia;Africa;1997.0;49.0;59861301.0;515.0;8894.0;Bajo
Ethiopia;Africa;2002.0;51.0;67946797.0;530.0;535.0;Bajo
Ethiopia;Africa;2007.0;53.0;76511887.0;690.0;8056.0;Bajo
Finland;Europe;1952.0;67.0;4090500.0;6424.0;5191.0;Medio
Finland;Europe;1957.0;67.0;4324000.0;7545.0;4154.0;Alto
Finland;Europe;1962.0;69.0;4491443.0;9371.0;8426.0;Alto
Finland;Europe;1967.0;70.0;4605744.0;10921.0;6363.0;Alto
Finland;Europe;1972.0;71.0;4639657.0;14358.0;8759.0;Alto
Finland;Europe;1977.0;73.0;4738902.0;15605.0;4228.0;Alto
Finland;Europe;1982.0;75.0;4826933.0;18533.0;1576.0;Alto
Finland;Europe;1987.0;75.0;4931729.0;21141.0;122.0;Alto
Finland;Europe;1992.0;76.0;5041039.0;20647.0;1650.0;Alto
Finland;Europe;1997.0;77.0;5134406.0;23723.0;9502.0;Alto
Finland;Europe;2002.0;78.0;5193039.0;28204.0;5906.0;Alto
Finland;Europe;2007.0;79.0;5238460.0;33207.0;844.0;Alto
France;Europe;1952.0;67.0;42459667.0;7029.0;8093.0;Alto
France;Europe;1957.0;69.0;44310863.0;8662.0;8349.0;Alto
France;Europe;1962.0;71.0;47124000.0;10560.0;4855.0;Alto
France;Europe;1967.0;72.0;49569000.0;12999.0;9177.0;Alto
France;Europe;1972.0;72.0;51732000.0;16107.0;1917.0;Alto
France;Europe;1977.0;74.0;53165019.0;18292.0;6351.0;Alto
France;Europe;1982.0;75.0;54433565.0;20293.0;8975.0;Alto
France;Europe;1987.0;76.0;55630100.0;22066.0;4421.0;Alto
France;Europe;1992.0;77.0;57374179.0;24703.0;7962.0;Alto
France;Europe;1997.0;79.0;58623428.0;25889.0;7849.0;Alto
France;Europe;2002.0;80.0;59925035.0;28926.0;323.0;Alto
France;Europe;2007.0;81.0;61083916.0;30470.0;167.0;Alto
Gabon;Africa;1952.0;37.0;420702.0;4293.0;4765.0;Medio
Gabon;Africa;1957.0;39.0;434904.0;4976.0;1981.0;Medio
Gabon;Africa;1962.0;40.0;455661.0;6631.0;4592.0;Medio
Gabon;Africa;1967.0;45.0;489004.0;8358.0;7620.0;Alto
Gabon;Africa;1972.0;49.0;537977.0;11401.0;9484.0;Alto
Gabon;Africa;1977.0;53.0;706367.0;21745.0;5733.0;Alto
Gabon;Africa;1982.0;57.0;753874.0;15113.0;3619.0;Alto
Gabon;Africa;1987.0;60.0;880397.0;11864.0;4084.0;Alto
Gabon;Africa;1992.0;61.0;985739.0;13522.0;1575.0;Alto
Gabon;Africa;1997.0;60.0;1126189.0;14722.0;8419.0;Alto
Gabon;Africa;2002.0;57.0;1299304.0;12521.0;7139.0;Alto
Gabon;Africa;2007.0;57.0;1454867.0;13206.0;4845.0;Alto
Gambia;Africa;1952.0;30.0;284320.0;485.0;2307.0;Bajo
Gambia;Africa;1957.0;32.0;323150.0;520.0;9267.0;Bajo
Gambia;Africa;1962.0;34.0;374020.0;599.0;6503.0;Bajo
Gambia;Africa;1967.0;36.0;439593.0;734.0;7829.0;Bajo
Gambia;Africa;1972.0;38.0;517101.0;756.0;868.0;Bajo
Gambia;Africa;1977.0;42.0;608274.0;884.0;7553.0;Bajo
Gambia;Africa;1982.0;46.0;715523.0;835.0;8096.0;Bajo
Gambia;Africa;1987.0;49.0;848406.0;611.0;6589.0;Bajo
Gambia;Africa;1992.0;53.0;1025384.0;665.0;6244.0;Bajo
Gambia;Africa;1997.0;56.0;1235767.0;653.0;7302.0;Bajo
Gambia;Africa;2002.0;58.0;1457766.0;660.0;5856.0;Bajo
Gambia;Africa;2007.0;59.0;1688359.0;752.0;7497.0;Bajo
Germany;Europe;1952.0;68.0;69145952.0;7144.0;1144.0;Alto
Germany;Europe;1957.0;69.0;71019069.0;10187.0;8267.0;Alto
Germany;Europe;1962.0;70.0;73739117.0;12902.0;4629.0;Alto
Germany;Europe;1967.0;71.0;76368453.0;14745.0;6256.0;Alto
Germany;Europe;1972.0;71.0;78717088.0;18016.0;1803.0;Alto
Germany;Europe;1977.0;73.0;78160773.0;20512.0;9212.0;Alto
Germany;Europe;1982.0;74.0;78335266.0;22031.0;5327.0;Alto
Germany;Europe;1987.0;75.0;77718298.0;24639.0;1857.0;Alto
Germany;Europe;1992.0;76.0;80597764.0;26505.0;3032.0;Alto
Germany;Europe;1997.0;77.0;82011073.0;27788.0;8842.0;Alto
Germany;Europe;2002.0;79.0;82350671.0;30035.0;8020.0;Alto
Germany;Europe;2007.0;79.0;82400996.0;32170.0;3744.0;Alto
Ghana;Africa;1952.0;43.0;5581001.0;911.0;2989.0;Bajo
Ghana;Africa;1957.0;45.0;6391288.0;1043.0;5615.0;Bajo
Ghana;Africa;1962.0;46.0;7355248.0;1190.0;411.0;Bajo
Ghana;Africa;1967.0;48.0;8490213.0;1125.0;6972.0;Bajo
Ghana;Africa;1972.0;50.0;9354120.0;1178.0;2237.0;Bajo
Ghana;Africa;1977.0;52.0;10538093.0;993.0;2240.0;Bajo
Ghana;Africa;1982.0;54.0;11400338.0;876.0;326.0;Bajo
Ghana;Africa;1987.0;56.0;14168101.0;847.0;61.0;Bajo
Ghana;Africa;1992.0;58.0;16278738.0;925.0;602.0;Bajo
Ghana;Africa;1997.0;59.0;18418288.0;1005.0;2458.0;Bajo
Ghana;Africa;2002.0;58.0;20550751.0;1111.0;9846.0;Bajo
Ghana;Africa;2007.0;60.0;22873338.0;1327.0;6089.0;Bajo
Greece;Europe;1952.0;66.0;7733250.0;3530.0;6901.0;Medio
Greece;Europe;1957.0;68.0;8096218.0;4916.0;2999.0;Medio
Greece;Europe;1962.0;70.0;8448233.0;6017.0;1907.0;Medio
Greece;Europe;1967.0;71.0;8716441.0;8513.0;970.0;Alto
Greece;Europe;1972.0;72.0;8888628.0;12724.0;8296.0;Alto
Greece;Europe;1977.0;74.0;9308479.0;14195.0;5243.0;Alto
Greece;Europe;1982.0;75.0;9786480.0;15268.0;4209.0;Alto
Greece;Europe;1987.0;77.0;9974490.0;16120.0;5284.0;Alto
Greece;Europe;1992.0;77.0;10325429.0;17541.0;4963.0;Alto
Greece;Europe;1997.0;78.0;10502372.0;18747.0;6981.0;Alto
Greece;Europe;2002.0;78.0;10603863.0;22514.0;2548.0;Alto
Greece;Europe;2007.0;79.0;10706290.0;27538.0;4119.0;Alto
Guatemala;Americas;1952.0;42.0;3146381.0;2428.0;2378.0;Medio
Guatemala;Americas;1957.0;44.0;3640876.0;2617.0;1560.0;Medio
Guatemala;Americas;1962.0;47.0;4208858.0;2750.0;3644.0;Medio
Guatemala;Americas;1967.0;50.0;4690773.0;3242.0;5311.0;Medio
Guatemala;Americas;1972.0;54.0;5149581.0;4031.0;4083.0;Medio
Guatemala;Americas;1977.0;56.0;5703430.0;4879.0;9927.0;Medio
Guatemala;Americas;1982.0;58.0;6395630.0;4820.0;4948.0;Medio
Guatemala;Americas;1987.0;61.0;7326406.0;4246.0;4860.0;Medio
Guatemala;Americas;1992.0;63.0;8486949.0;4439.0;4508.0;Medio
Guatemala;Americas;1997.0;66.0;9803875.0;4684.0;3138.0;Medio
Guatemala;Americas;2002.0;69.0;11178650.0;4858.0;3475.0;Medio
Guatemala;Americas;2007.0;70.0;12572928.0;5186.0;500.0;Medio
Guinea;Africa;1952.0;34.0;2664249.0;510.0;1965.0;Bajo
Guinea;Africa;1957.0;35.0;2876726.0;576.0;2670.0;Bajo
Guinea;Africa;1962.0;36.0;3140003.0;686.0;3737.0;Bajo
Guinea;Africa;1967.0;37.0;3451418.0;708.0;7595.0;Bajo
Guinea;Africa;1972.0;39.0;3811387.0;741.0;6662.0;Bajo
Guinea;Africa;1977.0;41.0;4227026.0;874.0;6859.0;Bajo
Guinea;Africa;1982.0;43.0;4710497.0;857.0;2504.0;Bajo
Guinea;Africa;1987.0;46.0;5650262.0;805.0;5725.0;Bajo
Guinea;Africa;1992.0;49.0;6990574.0;794.0;3484.0;Bajo
Guinea;Africa;1997.0;51.0;8048834.0;869.0;4498.0;Bajo
Guinea;Africa;2002.0;54.0;8807818.0;945.0;5836.0;Bajo
Guinea;Africa;2007.0;56.0;9947814.0;942.0;6542.0;Bajo
Guinea-Bissau;Africa;1952.0;33.0;580653.0;299.0;8503.0;Bajo
Guinea-Bissau;Africa;1957.0;33.0;601095.0;431.0;7905.0;Bajo
Guinea-Bissau;Africa;1962.0;34.0;627820.0;522.0;344.0;Bajo
Guinea-Bissau;Africa;1967.0;35.0;601287.0;715.0;5806.0;Bajo
Guinea-Bissau;Africa;1972.0;36.0;625361.0;820.0;2246.0;Bajo
Guinea-Bissau;Africa;1977.0;37.0;745228.0;764.0;7260.0;Bajo
Guinea-Bissau;Africa;1982.0;39.0;825987.0;838.0;1240.0;Bajo
Guinea-Bissau;Africa;1987.0;41.0;927524.0;736.0;4154.0;Bajo
Guinea-Bissau;Africa;1992.0;43.0;1050938.0;745.0;5399.0;Bajo
Guinea-Bissau;Africa;1997.0;45.0;1193708.0;796.0;6645.0;Bajo
Guinea-Bissau;Africa;2002.0;46.0;1332459.0;575.0;7047.0;Bajo
Guinea-Bissau;Africa;2007.0;46.0;1472041.0;579.0;2317.0;Bajo
Haiti;Americas;1952.0;38.0;3201488.0;1840.0;3669.0;Medio
Haiti;Americas;1957.0;41.0;3507701.0;1726.0;8879.0;Medio
Haiti;Americas;1962.0;44.0;3880130.0;1796.0;5890.0;Medio
Haiti;Americas;1967.0;46.0;4318137.0;1452.0;577.0;Bajo
Haiti;Americas;1972.0;48.0;4698301.0;1654.0;4569.0;Bajo
Haiti;Americas;1977.0;50.0;4908554.0;1874.0;2989.0;Medio
Haiti;Americas;1982.0;51.0;5198399.0;2011.0;1595.0;Medio
Haiti;Americas;1987.0;54.0;5756203.0;1823.0;160.0;Medio
Haiti;Americas;1992.0;55.0;6326682.0;1456.0;3095.0;Bajo
Haiti;Americas;1997.0;57.0;6913545.0;1341.0;7269.0;Bajo
Haiti;Americas;2002.0;58.0;7607651.0;1270.0;3649.0;Bajo
Haiti;Americas;2007.0;61.0;8502814.0;1201.0;6372.0;Bajo
Honduras;Americas;1952.0;42.0;1517453.0;2194.0;9262.0;Medio
Honduras;Americas;1957.0;45.0;1770390.0;2220.0;4877.0;Medio
Honduras;Americas;1962.0;48.0;2090162.0;2291.0;1568.0;Medio
Honduras;Americas;1967.0;51.0;2500689.0;2538.0;2694.0;Medio
Honduras;Americas;1972.0;54.0;2965146.0;2529.0;8423.0;Medio
Honduras;Americas;1977.0;57.0;3055235.0;3203.0;2081.0;Medio
Honduras;Americas;1982.0;61.0;3669448.0;3121.0;7608.0;Medio
Honduras;Americas;1987.0;64.0;4372203.0;3023.0;967.0;Medio
Honduras;Americas;1992.0;66.0;5077347.0;3081.0;6946.0;Medio
Honduras;Americas;1997.0;68.0;5867957.0;3160.0;4549.0;Medio
Honduras;Americas;2002.0;69.0;6677328.0;3099.0;7287.0;Medio
Honduras;Americas;2007.0;70.0;7483763.0;3548.0;3308.0;Medio
Hungary;Europe;1952.0;64.0;9504000.0;5263.0;6738.0;Medio
Hungary;Europe;1957.0;66.0;9839000.0;6040.0;1800.0;Medio
Hungary;Europe;1962.0;68.0;10063000.0;7550.0;3599.0;Alto
Hungary;Europe;1967.0;70.0;10223422.0;9326.0;6447.0;Alto
Hungary;Europe;1972.0;70.0;10394091.0;10168.0;6561.0;Alto
Hungary;Europe;1977.0;70.0;10637171.0;11674.0;8374.0;Alto
Hungary;Europe;1982.0;69.0;10705535.0;12545.0;9907.0;Alto
Hungary;Europe;1987.0;70.0;10612740.0;12986.0;4800.0;Alto
Hungary;Europe;1992.0;69.0;10348684.0;10535.0;6286.0;Alto
Hungary;Europe;1997.0;71.0;10244684.0;11712.0;7768.0;Alto
Hungary;Europe;2002.0;73.0;10083313.0;14843.0;9356.0;Alto
Hungary;Europe;2007.0;73.0;9956108.0;18008.0;9444.0;Alto
Iceland;Europe;1952.0;72.0;147962.0;7267.0;6884.0;Alto
Iceland;Europe;1957.0;73.0;165110.0;9244.0;14.0;Alto
Iceland;Europe;1962.0;74.0;182053.0;10350.0;1591.0;Alto
Iceland;Europe;1967.0;74.0;198676.0;13319.0;8957.0;Alto
Iceland;Europe;1972.0;74.0;209275.0;15798.0;636.0;Alto
Iceland;Europe;1977.0;76.0;221823.0;19654.0;9625.0;Alto
Iceland;Europe;1982.0;77.0;233997.0;23269.0;6075.0;Alto
Iceland;Europe;1987.0;77.0;244676.0;26923.0;2063.0;Alto
Iceland;Europe;1992.0;79.0;259012.0;25144.0;3920.0;Alto
Iceland;Europe;1997.0;79.0;271192.0;28061.0;997.0;Alto
Iceland;Europe;2002.0;81.0;288030.0;31163.0;2020.0;Alto
Iceland;Europe;2007.0;82.0;301931.0;36180.0;7892.0;Alto
India;Asia;1952.0;37.0;372000000.0;546.0;5657.0;Bajo
India;Asia;1957.0;40.0;409000000.0;590.0;620.0;Bajo
India;Asia;1962.0;44.0;454000000.0;658.0;3472.0;Bajo
India;Asia;1967.0;47.0;506000000.0;700.0;7706.0;Bajo
India;Asia;1972.0;51.0;567000000.0;724.0;325.0;Bajo
India;Asia;1977.0;54.0;634000000.0;813.0;3373.0;Bajo
India;Asia;1982.0;57.0;708000000.0;855.0;7235.0;Bajo
India;Asia;1987.0;59.0;788000000.0;976.0;5127.0;Bajo
India;Asia;1992.0;60.0;872000000.0;1164.0;4068.0;Bajo
India;Asia;1997.0;62.0;959000000.0;1458.0;8174.0;Bajo
India;Asia;2002.0;63.0;1034172547.0;1746.0;7695.0;Medio
India;Asia;2007.0;65.0;1110396331.0;2452.0;2104.0;Medio
Indonesia;Asia;1952.0;37.0;82052000.0;749.0;6817.0;Bajo
Indonesia;Asia;1957.0;40.0;90124000.0;858.0;9003.0;Bajo
Indonesia;Asia;1962.0;43.0;99028000.0;849.0;2898.0;Bajo
Indonesia;Asia;1967.0;46.0;109343000.0;762.0;4318.0;Bajo
Indonesia;Asia;1972.0;49.0;121282000.0;1111.0;1079.0;Bajo
Indonesia;Asia;1977.0;53.0;136725000.0;1382.0;7021.0;Bajo
Indonesia;Asia;1982.0;56.0;153343000.0;1516.0;8730.0;Bajo
Indonesia;Asia;1987.0;60.0;169276000.0;1748.0;3570.0;Medio
Indonesia;Asia;1992.0;63.0;184816000.0;2383.0;1409.0;Medio
Indonesia;Asia;1997.0;66.0;199278000.0;3119.0;3356.0;Medio
Indonesia;Asia;2002.0;69.0;211060000.0;2873.0;9129.0;Medio
Indonesia;Asia;2007.0;71.0;223547000.0;3540.0;6516.0;Medio
Iran;Asia;1952.0;45.0;17272000.0;3035.0;3260.0;Medio
Iran;Asia;1957.0;47.0;19792000.0;3290.0;2576.0;Medio
Iran;Asia;1962.0;49.0;22874000.0;4187.0;3298.0;Medio
Iran;Asia;1967.0;52.0;26538000.0;5906.0;7318.0;Medio
Iran;Asia;1972.0;55.0;30614000.0;9613.0;8186.0;Alto
Iran;Asia;1977.0;58.0;35480679.0;11888.0;5951.0;Alto
Iran;Asia;1982.0;60.0;43072751.0;7608.0;3346.0;Alto
Iran;Asia;1987.0;63.0;51889696.0;6642.0;8814.0;Medio
Iran;Asia;1992.0;66.0;60397973.0;7235.0;6532.0;Alto
Iran;Asia;1997.0;68.0;63327987.0;8263.0;5903.0;Alto
Iran;Asia;2002.0;69.0;66907826.0;9240.0;7620.0;Alto
Iran;Asia;2007.0;71.0;69453570.0;11605.0;7145.0;Alto
Iraq;Asia;1952.0;45.0;5441766.0;4129.0;7661.0;Medio
Iraq;Asia;1957.0;48.0;6248643.0;6229.0;3336.0;Medio
Iraq;Asia;1962.0;51.0;7240260.0;8341.0;7378.0;Alto
Iraq;Asia;1967.0;54.0;8519282.0;8931.0;4598.0;Alto
Iraq;Asia;1972.0;57.0;10061506.0;9576.0;376.0;Alto
Iraq;Asia;1977.0;60.0;11882916.0;14688.0;2351.0;Alto
Iraq;Asia;1982.0;62.0;14173318.0;14517.0;9071.0;Alto
Iraq;Asia;1987.0;65.0;16543189.0;11643.0;5727.0;Alto
Iraq;Asia;1992.0;59.0;17861905.0;3745.0;6407.0;Medio
Iraq;Asia;1997.0;59.0;20775703.0;3076.0;2398.0;Medio
Iraq;Asia;2002.0;57.0;24001816.0;4390.0;7173.0;Medio
Iraq;Asia;2007.0;60.0;27499638.0;4471.0;619.0;Medio
Ireland;Europe;1952.0;67.0;2952156.0;5210.0;2803.0;Medio
Ireland;Europe;1957.0;69.0;2878220.0;5599.0;779.0;Medio
Ireland;Europe;1962.0;70.0;2830000.0;6631.0;5973.0;Medio
Ireland;Europe;1967.0;71.0;2900100.0;7655.0;5690.0;Alto
Ireland;Europe;1972.0;71.0;3024400.0;9530.0;7729.0;Alto
Ireland;Europe;1977.0;72.0;3271900.0;11150.0;9811.0;Alto
Ireland;Europe;1982.0;73.0;3480000.0;12618.0;3214.0;Alto
Ireland;Europe;1987.0;74.0;3539900.0;13872.0;8665.0;Alto
Ireland;Europe;1992.0;75.0;3557761.0;17558.0;8156.0;Alto
Ireland;Europe;1997.0;76.0;3667233.0;24521.0;9471.0;Alto
Ireland;Europe;2002.0;78.0;3879155.0;34077.0;494.0;Alto
Ireland;Europe;2007.0;79.0;4109086.0;40675.0;9964.0;Alto
Israel;Asia;1952.0;65.0;1620914.0;4086.0;5221.0;Medio
Israel;Asia;1957.0;68.0;1944401.0;5385.0;2785.0;Medio
Israel;Asia;1962.0;69.0;2310904.0;7105.0;6307.0;Alto
Israel;Asia;1967.0;71.0;2693585.0;8393.0;7414.0;Alto
Israel;Asia;1972.0;72.0;3095893.0;12786.0;9322.0;Alto
Israel;Asia;1977.0;73.0;3495918.0;13306.0;6192.0;Alto
Israel;Asia;1982.0;74.0;3858421.0;15367.0;292.0;Alto
Israel;Asia;1987.0;76.0;4203148.0;17122.0;4799.0;Alto
Israel;Asia;1992.0;77.0;4936550.0;18051.0;5225.0;Alto
Israel;Asia;1997.0;78.0;5531387.0;20896.0;6092.0;Alto
Israel;Asia;2002.0;80.0;6029529.0;21905.0;5951.0;Alto
Israel;Asia;2007.0;81.0;6426679.0;25523.0;2771.0;Alto
Italy;Europe;1952.0;66.0;47666000.0;4931.0;4042.0;Medio
Italy;Europe;1957.0;68.0;49182000.0;6248.0;6562.0;Medio
Italy;Europe;1962.0;69.0;50843200.0;8243.0;5823.0;Alto
Italy;Europe;1967.0;71.0;52667100.0;10022.0;4013.0;Alto
Italy;Europe;1972.0;72.0;54365564.0;12269.0;2738.0;Alto
Italy;Europe;1977.0;73.0;56059245.0;14255.0;9848.0;Alto
Italy;Europe;1982.0;75.0;56535636.0;16537.0;4835.0;Alto
Italy;Europe;1987.0;76.0;56729703.0;19207.0;2348.0;Alto
Italy;Europe;1992.0;77.0;56840847.0;22013.0;6449.0;Alto
Italy;Europe;1997.0;79.0;57479469.0;24675.0;245.0;Alto
Italy;Europe;2002.0;80.0;57926999.0;27968.0;982.0;Alto
Italy;Europe;2007.0;81.0;58147733.0;28569.0;7197.0;Alto
Jamaica;Americas;1952.0;59.0;1426095.0;2898.0;5309.0;Medio
Jamaica;Americas;1957.0;63.0;1535090.0;4756.0;5258.0;Medio
Jamaica;Americas;1962.0;66.0;1665128.0;5246.0;1075.0;Medio
Jamaica;Americas;1967.0;68.0;1861096.0;6124.0;7035.0;Medio
Jamaica;Americas;1972.0;69.0;1997616.0;7433.0;8893.0;Alto
Jamaica;Americas;1977.0;70.0;2156814.0;6650.0;1956.0;Medio
Jamaica;Americas;1982.0;71.0;2298309.0;6068.0;514.0;Medio
Jamaica;Americas;1987.0;72.0;2326606.0;6351.0;2375.0;Medio
Jamaica;Americas;1992.0;72.0;2378618.0;7404.0;9237.0;Alto
Jamaica;Americas;1997.0;72.0;2531311.0;7121.0;9247.0;Alto
Jamaica;Americas;2002.0;72.0;2664659.0;6994.0;7749.0;Alto
Jamaica;Americas;2007.0;73.0;2780132.0;7320.0;8803.0;Alto
Japan;Asia;1952.0;63.0;86459025.0;3216.0;9563.0;Medio
Japan;Asia;1957.0;66.0;91563009.0;4317.0;6944.0;Medio
Japan;Asia;1962.0;69.0;95831757.0;6576.0;6495.0;Medio
Japan;Asia;1967.0;71.0;100825279.0;9847.0;7886.0;Alto
Japan;Asia;1972.0;73.0;107188273.0;14778.0;7864.0;Alto
Japan;Asia;1977.0;75.0;113872473.0;16610.0;3770.0;Alto
Japan;Asia;1982.0;77.0;118454974.0;19384.0;1057.0;Alto
Japan;Asia;1987.0;79.0;122091325.0;22375.0;9419.0;Alto
Japan;Asia;1992.0;79.0;124329269.0;26824.0;8951.0;Alto
Japan;Asia;1997.0;81.0;125956499.0;28816.0;5850.0;Alto
Japan;Asia;2002.0;82.0;127065841.0;28604.0;5919.0;Alto
Japan;Asia;2007.0;83.0;127467972.0;31656.0;681.0;Alto
Jordan;Asia;1952.0;43.0;607914.0;1546.0;9078.0;Bajo
Jordan;Asia;1957.0;46.0;746559.0;1886.0;806.0;Medio
Jordan;Asia;1962.0;48.0;933559.0;2348.0;92.0;Medio
Jordan;Asia;1967.0;52.0;1255058.0;2741.0;7963.0;Medio
Jordan;Asia;1972.0;57.0;1613551.0;2110.0;8563.0;Medio
Jordan;Asia;1977.0;61.0;1937652.0;2852.0;3516.0;Medio
Jordan;Asia;1982.0;64.0;2347031.0;4161.0;4160.0;Medio
Jordan;Asia;1987.0;66.0;2820042.0;4448.0;6799.0;Medio
Jordan;Asia;1992.0;68.0;3867409.0;3431.0;5936.0;Medio
Jordan;Asia;1997.0;70.0;4526235.0;3645.0;3796.0;Medio
Jordan;Asia;2002.0;71.0;5307470.0;3844.0;9172.0;Medio
Jordan;Asia;2007.0;73.0;6053193.0;4519.0;4612.0;Medio
Kenya;Africa;1952.0;42.0;6464046.0;853.0;5409.0;Bajo
Kenya;Africa;1957.0;45.0;7454779.0;944.0;4383.0;Bajo
Kenya;Africa;1962.0;48.0;8678557.0;896.0;9664.0;Bajo
Kenya;Africa;1967.0;51.0;10191512.0;1056.0;7365.0;Bajo
Kenya;Africa;1972.0;54.0;12044785.0;1222.0;3600.0;Bajo
Kenya;Africa;1977.0;56.0;14500404.0;1267.0;6132.0;Bajo
Kenya;Africa;1982.0;59.0;17661452.0;1348.0;2258.0;Bajo
Kenya;Africa;1987.0;59.0;21198082.0;1361.0;9369.0;Bajo
Kenya;Africa;1992.0;59.0;25020539.0;1341.0;9217.0;Bajo
Kenya;Africa;1997.0;54.0;28263827.0;1360.0;4850.0;Bajo
Kenya;Africa;2002.0;51.0;31386842.0;1287.0;5147.0;Bajo
Kenya;Africa;2007.0;54.0;35610177.0;1463.0;2493.0;Bajo
Kuwait;Asia;1952.0;56.0;160000.0;108382.0;3529.0;Alto
Kuwait;Asia;1957.0;58.0;212846.0;113523.0;1329.0;Alto
Kuwait;Asia;1962.0;60.0;358266.0;95458.0;1118.0;Alto
Kuwait;Asia;1967.0;65.0;575003.0;80894.0;8833.0;Alto
Kuwait;Asia;1972.0;68.0;841934.0;109347.0;8670.0;Alto
Kuwait;Asia;1977.0;69.0;1140357.0;59265.0;4771.0;Alto
Kuwait;Asia;1982.0;71.0;1497494.0;31354.0;357.0;Alto
Kuwait;Asia;1987.0;74.0;1891487.0;28118.0;4300.0;Alto
Kuwait;Asia;1992.0;75.0;1418095.0;34932.0;9196.0;Alto
Kuwait;Asia;1997.0;76.0;1765345.0;40300.0;6200.0;Alto
Kuwait;Asia;2002.0;77.0;2111561.0;35110.0;1057.0;Alto
Kuwait;Asia;2007.0;78.0;2505559.0;47306.0;9898.0;Alto
Lebanon;Asia;1952.0;56.0;1439529.0;4834.0;8041.0;Medio
Lebanon;Asia;1957.0;59.0;1647412.0;6089.0;7869.0;Medio
Lebanon;Asia;1962.0;62.0;1886848.0;5714.0;5606.0;Medio
Lebanon;Asia;1967.0;64.0;2186894.0;6006.0;9830.0;Medio
Lebanon;Asia;1972.0;65.0;2680018.0;7486.0;3843.0;Alto
Lebanon;Asia;1977.0;66.0;3115787.0;8659.0;6968.0;Alto
Lebanon;Asia;1982.0;67.0;3086876.0;7640.0;5195.0;Alto
Lebanon;Asia;1987.0;68.0;3089353.0;5377.0;913.0;Medio
Lebanon;Asia;1992.0;69.0;3219994.0;6890.0;8069.0;Alto
Lebanon;Asia;1997.0;70.0;3430388.0;8754.0;9639.0;Alto
Lebanon;Asia;2002.0;71.0;3677780.0;9313.0;9388.0;Alto
Lebanon;Asia;2007.0;72.0;3921278.0;10461.0;587.0;Alto
Lesotho;Africa;1952.0;42.0;748747.0;298.0;8462.0;Bajo
Lesotho;Africa;1957.0;45.0;813338.0;335.0;9971.0;Bajo
Lesotho;Africa;1962.0;48.0;893143.0;411.0;8006.0;Bajo
Lesotho;Africa;1967.0;48.0;996380.0;498.0;6390.0;Bajo
Lesotho;Africa;1972.0;50.0;1116779.0;496.0;5816.0;Bajo
Lesotho;Africa;1977.0;52.0;1251524.0;745.0;3695.0;Bajo
Lesotho;Africa;1982.0;55.0;1411807.0;797.0;2631.0;Bajo
Lesotho;Africa;1987.0;57.0;1599200.0;773.0;9932.0;Bajo
Lesotho;Africa;1992.0;60.0;1803195.0;977.0;4863.0;Bajo
Lesotho;Africa;1997.0;56.0;1982823.0;1186.0;1480.0;Bajo
Lesotho;Africa;2002.0;45.0;2046772.0;1275.0;1846.0;Bajo
Lesotho;Africa;2007.0;43.0;2012649.0;1569.0;3314.0;Bajo
Liberia;Africa;1952.0;38.0;863308.0;575.0;5730.0;Bajo
Liberia;Africa;1957.0;39.0;975950.0;620.0;9700.0;Bajo
Liberia;Africa;1962.0;41.0;1112796.0;634.0;1952.0;Bajo
Liberia;Africa;1967.0;42.0;1279406.0;713.0;6036.0;Bajo
Liberia;Africa;1972.0;43.0;1482628.0;803.0;55.0;Bajo
Liberia;Africa;1977.0;44.0;1703617.0;640.0;3224.0;Bajo
Liberia;Africa;1982.0;45.0;1956875.0;572.0;1996.0;Bajo
Liberia;Africa;1987.0;46.0;2269414.0;506.0;1139.0;Bajo
Liberia;Africa;1992.0;41.0;1912974.0;636.0;6229.0;Bajo
Liberia;Africa;1997.0;42.0;2200725.0;609.0;1740.0;Bajo
Liberia;Africa;2002.0;44.0;2814651.0;531.0;4824.0;Bajo
Liberia;Africa;2007.0;46.0;3193942.0;414.0;5073.0;Bajo
Libya;Africa;1952.0;43.0;1019729.0;2387.0;5481.0;Medio
Libya;Africa;1957.0;45.0;1201578.0;3448.0;2844.0;Medio
Libya;Africa;1962.0;48.0;1441863.0;6757.0;308.0;Medio
Libya;Africa;1967.0;50.0;1759224.0;18772.0;7517.0;Alto
Libya;Africa;1972.0;53.0;2183877.0;21011.0;4972.0;Alto
Libya;Africa;1977.0;57.0;2721783.0;21951.0;2118.0;Alto
Libya;Africa;1982.0;62.0;3344074.0;17364.0;2754.0;Alto
Libya;Africa;1987.0;66.0;3799845.0;11770.0;5898.0;Alto
Libya;Africa;1992.0;69.0;4364501.0;9640.0;1385.0;Alto
Libya;Africa;1997.0;72.0;4759670.0;9467.0;4461.0;Alto
Libya;Africa;2002.0;73.0;5368585.0;9534.0;6775.0;Alto
Libya;Africa;2007.0;74.0;6036914.0;12057.0;4993.0;Alto
Madagascar;Africa;1952.0;37.0;4762912.0;1443.0;117.0;Bajo
Madagascar;Africa;1957.0;39.0;5181679.0;1589.0;2028.0;Bajo
Madagascar;Africa;1962.0;41.0;5703324.0;1643.0;3871.0;Bajo
Madagascar;Africa;1967.0;43.0;6334556.0;1634.0;473.0;Bajo
Madagascar;Africa;1972.0;45.0;7082430.0;1748.0;5630.0;Medio
Madagascar;Africa;1977.0;47.0;8007166.0;1544.0;2286.0;Bajo
Madagascar;Africa;1982.0;49.0;9171477.0;1302.0;8787.0;Bajo
Madagascar;Africa;1987.0;49.0;10568642.0;1155.0;4419.0;Bajo
Madagascar;Africa;1992.0;52.0;12210395.0;1040.0;6762.0;Bajo
Malawi;Africa;1952.0;36.0;2917802.0;369.0;1651.0;Bajo
Malawi;Africa;1957.0;37.0;3221238.0;416.0;3698.0;Bajo
Malawi;Africa;2002.0;45.0;11824495.0;665.0;4231.0;Bajo
Malawi;Africa;2007.0;48.0;13327079.0;759.0;3499.0;Bajo
Malaysia;Asia;1952.0;48.0;6748378.0;1831.0;1329.0;Medio
Malaysia;Asia;1957.0;52.0;7739235.0;1810.0;670.0;Medio
Malaysia;Asia;1962.0;56.0;8906385.0;2036.0;8849.0;Medio
Malaysia;Asia;1967.0;59.0;10154878.0;2277.0;7424.0;Medio
Malaysia;Asia;1972.0;63.0;11441462.0;2849.0;948.0;Medio
Malaysia;Asia;1977.0;65.0;12845381.0;3827.0;9216.0;Medio
Malaysia;Asia;1982.0;68.0;14441916.0;4920.0;3560.0;Medio
Malaysia;Asia;1987.0;70.0;16331785.0;5249.0;8027.0;Medio
Malaysia;Asia;1992.0;71.0;18319502.0;7277.0;9128.0;Alto
Malaysia;Asia;1997.0;72.0;20476091.0;10132.0;9096.0;Alto
Malaysia;Asia;2002.0;73.0;22662365.0;10206.0;9779.0;Alto
Malaysia;Asia;2007.0;74.0;24821286.0;12451.0;6558.0;Alto
Mali;Africa;1952.0;34.0;3838168.0;452.0;3370.0;Bajo
Mali;Africa;1957.0;35.0;4241884.0;490.0;3822.0;Bajo
Mali;Africa;1962.0;37.0;4690372.0;496.0;1743.0;Bajo
Mali;Africa;1967.0;38.0;5212416.0;545.0;99.0;Bajo
Mali;Africa;1972.0;40.0;5828158.0;581.0;3689.0;Bajo
Mali;Africa;1977.0;42.0;6491649.0;686.0;3953.0;Bajo
Mali;Africa;1982.0;44.0;6998256.0;618.0;141.0;Bajo
Mali;Africa;1987.0;46.0;7634008.0;684.0;1716.0;Bajo
Mali;Africa;1992.0;48.0;8416215.0;739.0;144.0;Bajo
Mali;Africa;1997.0;50.0;9384984.0;790.0;2580.0;Bajo
Mali;Africa;2002.0;52.0;10580176.0;951.0;4098.0;Bajo
Mali;Africa;2007.0;54.0;12031795.0;1042.0;5816.0;Bajo
Mauritania;Africa;1952.0;41.0;1022556.0;743.0;1159.0;Bajo
Mauritania;Africa;1957.0;42.0;1076852.0;846.0;1203.0;Bajo
Mauritania;Africa;1987.0;56.0;1841240.0;1421.0;6036.0;Bajo
Mauritania;Africa;1992.0;58.0;2119465.0;1361.0;3698.0;Bajo
Mauritania;Africa;1997.0;60.0;2444741.0;1483.0;1361.0;Bajo
Mauritania;Africa;2002.0;62.0;2828858.0;1579.0;195.0;Bajo
Mauritania;Africa;2007.0;64.0;3270065.0;1803.0;1515.0;Medio
Mauritius;Africa;1952.0;51.0;516556.0;1967.0;9557.0;Medio
Mauritius;Africa;1957.0;58.0;609816.0;2034.0;380.0;Medio
Mauritius;Africa;1982.0;67.0;992040.0;3688.0;377.0;Medio
Mauritius;Africa;1987.0;69.0;1042663.0;4783.0;5869.0;Medio
Mauritius;Africa;1992.0;70.0;1096202.0;6058.0;2538.0;Medio
Mauritius;Africa;1997.0;71.0;1149818.0;7425.0;7053.0;Alto
Mauritius;Africa;2002.0;72.0;1200206.0;9021.0;8159.0;Alto
Mauritius;Africa;2007.0;73.0;1250882.0;10956.0;9911.0;Alto
Mexico;Americas;1952.0;51.0;30144317.0;3478.0;1255.0;Medio
Mexico;Americas;1957.0;55.0;35015548.0;4131.0;5466.0;Medio
Mexico;Americas;1962.0;58.0;41121485.0;4581.0;6094.0;Medio
Mexico;Americas;1967.0;60.0;47995559.0;5754.0;7339.0;Medio
Mexico;Americas;1972.0;62.0;55984294.0;6809.0;4067.0;Medio
Mexico;Americas;1977.0;65.0;63759976.0;7674.0;9291.0;Alto
Mexico;Americas;1982.0;67.0;71640904.0;9611.0;1475.0;Alto
Mexico;Americas;1987.0;69.0;80122492.0;8688.0;1560.0;Alto
Mexico;Americas;1992.0;71.0;88111030.0;9472.0;3843.0;Alto
Mexico;Americas;1997.0;74.0;95895146.0;9767.0;2975.0;Alto
Mexico;Americas;2002.0;75.0;102479927.0;10742.0;4405.0;Alto
Mexico;Americas;2007.0;76.0;108700891.0;11977.0;5750.0;Alto
Mongolia;Asia;1952.0;42.0;800663.0;786.0;5669.0;Bajo
Mongolia;Asia;1957.0;45.0;882134.0;912.0;6626.0;Bajo
Mongolia;Asia;1962.0;48.0;1010280.0;1056.0;3540.0;Bajo
Mongolia;Asia;1967.0;51.0;1149500.0;1226.0;411.0;Bajo
Mongolia;Asia;1972.0;54.0;1320500.0;1421.0;7420.0;Bajo
Mongolia;Asia;1977.0;55.0;1528000.0;1647.0;5117.0;Bajo
Mongolia;Asia;1982.0;57.0;1756032.0;2000.0;6031.0;Medio
Mongolia;Asia;1987.0;60.0;2015133.0;2338.0;83.0;Medio
Mongolia;Asia;1992.0;61.0;2312802.0;1785.0;4020.0;Medio
Mongolia;Asia;1997.0;64.0;2494803.0;1902.0;2521.0;Medio
Mongolia;Asia;2002.0;65.0;2674234.0;2140.0;7393.0;Medio
Mongolia;Asia;2007.0;67.0;2874127.0;3095.0;7723.0;Medio
Montenegro;Europe;1952.0;59.0;413834.0;2647.0;5856.0;Medio
Montenegro;Europe;1957.0;61.0;442829.0;3682.0;2599.0;Medio
Montenegro;Europe;1962.0;64.0;474528.0;4649.0;5938.0;Medio
Montenegro;Europe;1967.0;67.0;501035.0;5907.0;8509.0;Medio
Montenegro;Europe;1972.0;71.0;527678.0;7778.0;4140.0;Alto
Montenegro;Europe;1977.0;73.0;560073.0;9595.0;9299.0;Alto
Montenegro;Europe;1982.0;74.0;562548.0;11222.0;5876.0;Alto
Montenegro;Europe;1992.0;75.0;621621.0;7003.0;3390.0;Alto
Morocco;Africa;1967.0;50.0;14770296.0;1711.0;448.0;Medio
Morocco;Africa;1972.0;53.0;16660670.0;1930.0;1950.0;Medio
Morocco;Africa;1977.0;56.0;18396941.0;2370.0;6200.0;Medio
Morocco;Africa;1982.0;60.0;20198730.0;2702.0;6204.0;Medio
Morocco;Africa;1987.0;63.0;22987397.0;2755.0;470.0;Medio
Morocco;Africa;1992.0;65.0;25798239.0;2948.0;473.0;Medio
Morocco;Africa;1997.0;68.0;28529501.0;2982.0;1019.0;Medio
Morocco;Africa;2002.0;70.0;31167783.0;3258.0;4956.0;Medio
Morocco;Africa;2007.0;71.0;33757175.0;3820.0;1752.0;Medio
Mozambique;Africa;1952.0;31.0;6446316.0;468.0;5260.0;Bajo
Mozambique;Africa;1957.0;34.0;7038035.0;495.0;5868.0;Bajo
Mozambique;Africa;1962.0;36.0;7788944.0;556.0;6864.0;Bajo
Mozambique;Africa;1967.0;38.0;8680909.0;566.0;6692.0;Bajo
Mozambique;Africa;1972.0;40.0;9809596.0;724.0;9178.0;Bajo
Mozambique;Africa;1977.0;42.0;11127868.0;502.0;3197.0;Bajo
Mozambique;Africa;1982.0;43.0;12587223.0;462.0;2114.0;Bajo
Mozambique;Africa;1987.0;43.0;12891952.0;389.0;8762.0;Bajo
Mozambique;Africa;1992.0;44.0;13160731.0;410.0;8968.0;Bajo
Mozambique;Africa;1997.0;46.0;16603334.0;472.0;3461.0;Bajo
Mozambique;Africa;2002.0;44.0;18473780.0;633.0;6179.0;Bajo
Mozambique;Africa;2007.0;42.0;19951656.0;823.0;6856.0;Bajo
Myanmar;Asia;1952.0;36.0;20092996.0;331.0;0.0;Bajo
Myanmar;Asia;1957.0;42.0;21731844.0;350.0;0.0;Bajo
Myanmar;Asia;1962.0;45.0;23634436.0;388.0;0.0;Bajo
Myanmar;Asia;1967.0;49.0;25870271.0;349.0;0.0;Bajo
Myanmar;Asia;1972.0;53.0;28466390.0;357.0;0.0;Bajo
Myanmar;Asia;1977.0;56.0;31528087.0;371.0;0.0;Bajo
Myanmar;Asia;1982.0;58.0;34680442.0;424.0;0.0;Bajo
Myanmar;Asia;1987.0;58.0;38028578.0;385.0;0.0;Bajo
Myanmar;Asia;1992.0;59.0;40546538.0;347.0;0.0;Bajo
Myanmar;Asia;1997.0;60.0;43247867.0;415.0;0.0;Bajo
Myanmar;Asia;2002.0;60.0;45598081.0;611.0;0.0;Bajo
Myanmar;Asia;2007.0;62.0;47761980.0;944.0;0.0;Bajo
Namibia;Africa;1952.0;42.0;485831.0;2423.0;7804.0;Medio
Namibia;Africa;1957.0;45.0;548080.0;2621.0;4481.0;Medio
Namibia;Africa;1962.0;48.0;621392.0;3173.0;2156.0;Medio
Namibia;Africa;1967.0;51.0;706640.0;3793.0;6948.0;Medio
Namibia;Africa;1972.0;54.0;821782.0;3746.0;809.0;Medio
Namibia;Africa;1977.0;56.0;977026.0;3876.0;4860.0;Medio
Namibia;Africa;1982.0;59.0;1099010.0;4191.0;1005.0;Medio
Namibia;Africa;1987.0;61.0;1278184.0;3693.0;7313.0;Medio
Namibia;Africa;1992.0;62.0;1554253.0;3804.0;5380.0;Medio
Namibia;Africa;1997.0;59.0;1774766.0;3899.0;5243.0;Medio
Namibia;Africa;2002.0;51.0;1972153.0;4072.0;3248.0;Medio
Namibia;Africa;2007.0;53.0;2055080.0;4811.0;604.0;Medio
Nepal;Asia;1952.0;36.0;9182536.0;545.0;8657.0;Bajo
Nepal;Asia;1957.0;38.0;9682338.0;597.0;9364.0;Bajo
Nepal;Asia;1962.0;39.0;10332057.0;652.0;3969.0;Bajo
Nepal;Asia;1967.0;41.0;11261690.0;676.0;4422.0;Bajo
Nepal;Asia;1972.0;44.0;12412593.0;674.0;7881.0;Bajo
Nepal;Asia;1977.0;47.0;13933198.0;694.0;1124.0;Bajo
Nepal;Asia;1982.0;50.0;15796314.0;718.0;3731.0;Bajo
Nepal;Asia;1987.0;53.0;17917180.0;775.0;6325.0;Bajo
Nepal;Asia;1992.0;56.0;20326209.0;897.0;7404.0;Bajo
Nepal;Asia;1997.0;59.0;23001113.0;1010.0;8921.0;Bajo
Nepal;Asia;2002.0;61.0;25873917.0;1057.0;2063.0;Bajo
Nepal;Asia;2007.0;64.0;28901790.0;1091.0;3598.0;Bajo
Netherlands;Europe;1952.0;72.0;10381988.0;8941.0;5719.0;Alto
Netherlands;Europe;1957.0;73.0;11026383.0;11276.0;1934.0;Alto
Netherlands;Europe;1962.0;73.0;11805689.0;12790.0;8496.0;Alto
Netherlands;Europe;1967.0;74.0;12596822.0;15363.0;2514.0;Alto
Netherlands;Europe;1972.0;74.0;13329874.0;18794.0;7457.0;Alto
Netherlands;Europe;1977.0;75.0;13852989.0;21209.0;592.0;Alto
Netherlands;Europe;1982.0;76.0;14310401.0;21399.0;4605.0;Alto
Netherlands;Europe;1987.0;77.0;14665278.0;23651.0;3236.0;Alto
Netherlands;Europe;1992.0;77.0;15174244.0;26790.0;9496.0;Alto
Netherlands;Europe;1997.0;78.0;15604464.0;30246.0;1306.0;Alto
Netherlands;Europe;2002.0;79.0;16122830.0;33724.0;7578.0;Alto
Netherlands;Europe;2007.0;80.0;16570613.0;36797.0;9333.0;Alto
New Zealand;Oceania;1957.0;70.0;2229407.0;12247.0;3953.0;Alto
New Zealand;Oceania;1962.0;71.0;2488550.0;13175.0;6780.0;Alto
New Zealand;Oceania;1972.0;72.0;2929100.0;16046.0;373.0;Alto
New Zealand;Oceania;1977.0;72.0;3164900.0;16233.0;7177.0;Alto
New Zealand;Oceania;1982.0;74.0;3210650.0;17632.0;4104.0;Alto
New Zealand;Oceania;1992.0;76.0;3437674.0;18363.0;3249.0;Alto
New Zealand;Oceania;1997.0;78.0;3676187.0;21050.0;4138.0;Alto
New Zealand;Oceania;2002.0;79.0;3908037.0;23189.0;8014.0;Alto
New Zealand;Oceania;2007.0;80.0;4115771.0;25185.0;91.0;Alto
Nicaragua;Americas;1952.0;42.0;1165790.0;3112.0;3639.0;Medio
Nicaragua;Americas;1957.0;45.0;1358828.0;3457.0;4159.0;Medio
Nicaragua;Americas;1962.0;49.0;1590597.0;3634.0;3644.0;Medio
Nicaragua;Americas;1967.0;52.0;1865490.0;4643.0;3935.0;Medio
Nicaragua;Americas;1972.0;55.0;2182908.0;4688.0;5933.0;Medio
Nicaragua;Americas;1977.0;57.0;2554598.0;5486.0;3711.0;Medio
Nicaragua;Americas;1982.0;59.0;2979423.0;3470.0;3382.0;Medio
Nicaragua;Americas;1987.0;62.0;3344353.0;2955.0;9844.0;Medio
Nicaragua;Americas;1992.0;66.0;4017939.0;2170.0;1517.0;Medio
Nicaragua;Americas;1997.0;68.0;4609572.0;2253.0;230.0;Medio
Nicaragua;Americas;2002.0;71.0;5146848.0;2474.0;5488.0;Medio
Nicaragua;Americas;2007.0;73.0;5675356.0;2749.0;3210.0;Medio
Niger;Africa;1952.0;37.0;3379468.0;761.0;8794.0;Bajo
Niger;Africa;1957.0;39.0;3692184.0;835.0;5234.0;Bajo
Niger;Africa;1962.0;39.0;4076008.0;997.0;7661.0;Bajo
Niger;Africa;1967.0;40.0;4534062.0;1054.0;3849.0;Bajo
Niger;Africa;1972.0;41.0;5060262.0;954.0;2092.0;Bajo
Niger;Africa;1977.0;41.0;5682086.0;808.0;8971.0;Bajo
Niger;Africa;1982.0;43.0;6437188.0;909.0;7221.0;Bajo
Niger;Africa;1987.0;45.0;7332638.0;668.0;3000.0;Bajo
Niger;Africa;1992.0;47.0;8392818.0;581.0;1827.0;Bajo
Niger;Africa;1997.0;51.0;9666252.0;580.0;3052.0;Bajo
Niger;Africa;2002.0;54.0;11140655.0;601.0;745.0;Bajo
Niger;Africa;2007.0;57.0;12894865.0;619.0;6769.0;Bajo
Nigeria;Africa;1952.0;36.0;33119096.0;1077.0;2819.0;Bajo
Nigeria;Africa;1957.0;38.0;37173340.0;1100.0;5926.0;Bajo
Nigeria;Africa;1962.0;39.0;41871351.0;1150.0;9275.0;Bajo
Nigeria;Africa;1967.0;41.0;47287752.0;1014.0;5141.0;Bajo
Nigeria;Africa;1972.0;43.0;53740085.0;1698.0;3888.0;Medio
Nigeria;Africa;1977.0;45.0;62209173.0;1981.0;9518.0;Medio
Nigeria;Africa;1982.0;46.0;73039376.0;1576.0;9738.0;Bajo
Nigeria;Africa;1987.0;47.0;81551520.0;1385.0;296.0;Bajo
Nigeria;Africa;1992.0;47.0;93364244.0;1619.0;8482.0;Bajo
Nigeria;Africa;1997.0;47.0;106207839.0;1624.0;9413.0;Bajo
Nigeria;Africa;2002.0;47.0;119901274.0;1615.0;2864.0;Bajo
Nigeria;Africa;2007.0;47.0;135031164.0;2013.0;9773.0;Medio
Norway;Europe;1952.0;73.0;3327728.0;10095.0;4217.0;Alto
Norway;Europe;1957.0;73.0;3491938.0;11653.0;9730.0;Alto
Norway;Europe;1962.0;73.0;3638919.0;13450.0;4015.0;Alto
Norway;Europe;1972.0;74.0;3933004.0;18965.0;555.0;Alto
Norway;Europe;1977.0;75.0;4043205.0;23311.0;3494.0;Alto
Norway;Europe;1982.0;76.0;4114787.0;26298.0;6353.0;Alto
Norway;Europe;1992.0;77.0;4286357.0;33965.0;6612.0;Alto
Norway;Europe;1997.0;78.0;4405672.0;41283.0;1643.0;Alto
Norway;Europe;2002.0;79.0;4535591.0;44683.0;9753.0;Alto
Oman;Asia;1957.0;40.0;561977.0;2242.0;7466.0;Medio
Oman;Asia;1962.0;43.0;628164.0;2924.0;6381.0;Medio
Oman;Asia;1967.0;47.0;714775.0;4720.0;9427.0;Medio
Oman;Asia;1972.0;52.0;829050.0;10618.0;386.0;Alto
Oman;Asia;1977.0;57.0;1004533.0;11848.0;3439.0;Alto
Oman;Asia;1982.0;63.0;1301048.0;12954.0;7910.0;Alto
Oman;Asia;1987.0;68.0;1593882.0;18115.0;2231.0;Alto
Oman;Asia;1992.0;71.0;1915208.0;18616.0;7069.0;Alto
Oman;Asia;1997.0;72.0;2283635.0;19702.0;558.0;Alto
Oman;Asia;2002.0;74.0;2713462.0;19774.0;8369.0;Alto
Oman;Asia;2007.0;76.0;3204897.0;22316.0;1929.0;Alto
Pakistan;Asia;1952.0;43.0;41346560.0;684.0;5971.0;Bajo
Pakistan;Asia;1957.0;46.0;46679944.0;747.0;835.0;Bajo
Pakistan;Asia;1962.0;48.0;53100671.0;803.0;3427.0;Bajo
Pakistan;Asia;1967.0;50.0;60641899.0;942.0;4083.0;Bajo
Pakistan;Asia;1972.0;52.0;69325921.0;1049.0;9390.0;Bajo
Pakistan;Asia;1977.0;54.0;78152686.0;1175.0;9212.0;Bajo
Pakistan;Asia;1982.0;56.0;91462088.0;1443.0;4298.0;Bajo
Pakistan;Asia;1987.0;58.0;105186881.0;1704.0;6866.0;Medio
Pakistan;Asia;1992.0;61.0;120065004.0;1971.0;8295.0;Medio
Pakistan;Asia;1997.0;62.0;135564834.0;2049.0;3505.0;Medio
Pakistan;Asia;2002.0;64.0;153403524.0;2092.0;7124.0;Medio
Pakistan;Asia;2007.0;65.0;169270617.0;2605.0;9476.0;Medio
Panama;Americas;1952.0;55.0;940080.0;2480.0;3803.0;Medio
Panama;Americas;1957.0;59.0;1063506.0;2961.0;8009.0;Medio
Panama;Americas;1962.0;62.0;1215725.0;3536.0;5403.0;Medio
Panama;Americas;1967.0;64.0;1405486.0;4421.0;91.0;Medio
Panama;Americas;1972.0;66.0;1616384.0;5364.0;2497.0;Medio
Panama;Americas;1977.0;69.0;1839782.0;5351.0;9121.0;Medio
Panama;Americas;1982.0;70.0;2036305.0;7009.0;6016.0;Alto
Panama;Americas;1987.0;72.0;2253639.0;7034.0;7792.0;Alto
Panama;Americas;1992.0;72.0;2484997.0;6618.0;7431.0;Medio
Panama;Americas;1997.0;74.0;2734531.0;7113.0;6923.0;Alto
Panama;Americas;2002.0;75.0;2990875.0;7356.0;319.0;Alto
Panama;Americas;2007.0;76.0;3242173.0;9809.0;1856.0;Alto
Paraguay;Americas;1952.0;63.0;1555876.0;1952.0;3087.0;Medio
Paraguay;Americas;1957.0;63.0;1770902.0;2046.0;1547.0;Medio
Paraguay;Americas;1962.0;64.0;2009813.0;2148.0;271.0;Medio
Paraguay;Americas;1967.0;65.0;2287985.0;2299.0;3763.0;Medio
Paraguay;Americas;1972.0;66.0;2614104.0;2523.0;3380.0;Medio
Paraguay;Americas;1977.0;66.0;2984494.0;3248.0;3733.0;Medio
Paraguay;Americas;1982.0;67.0;3366439.0;4258.0;5036.0;Medio
Paraguay;Americas;1987.0;67.0;3886512.0;3998.0;8757.0;Medio
Paraguay;Americas;1992.0;68.0;4483945.0;4196.0;4111.0;Medio
Paraguay;Americas;1997.0;69.0;5154123.0;4247.0;4003.0;Medio
Paraguay;Americas;2002.0;71.0;5884491.0;3783.0;6742.0;Medio
Paraguay;Americas;2007.0;72.0;6667147.0;4172.0;8385.0;Medio
Peru;Americas;1952.0;44.0;8025700.0;3758.0;5234.0;Medio
Peru;Americas;1957.0;46.0;9146100.0;4245.0;2567.0;Medio
Peru;Americas;1962.0;49.0;10516500.0;4957.0;380.0;Medio
Peru;Americas;1967.0;51.0;12132200.0;5788.0;933.0;Medio
Peru;Americas;1972.0;55.0;13954700.0;5937.0;8273.0;Medio
Peru;Americas;1977.0;58.0;15990099.0;6281.0;2909.0;Medio
Peru;Americas;1982.0;61.0;18125129.0;6434.0;5018.0;Medio
Peru;Americas;1987.0;64.0;20195924.0;6360.0;9434.0;Medio
Peru;Americas;1992.0;66.0;22430449.0;4446.0;3809.0;Medio
Peru;Americas;1997.0;68.0;24748122.0;5838.0;3477.0;Medio
Peru;Americas;2002.0;70.0;26769436.0;5909.0;201.0;Medio
Peru;Americas;2007.0;71.0;28674757.0;7408.0;9056.0;Alto
Philippines;Asia;1952.0;48.0;22438691.0;1272.0;8810.0;Bajo
Philippines;Asia;1957.0;51.0;26072194.0;1547.0;9448.0;Bajo
Philippines;Asia;1962.0;55.0;30325264.0;1649.0;5522.0;Bajo
Philippines;Asia;1967.0;56.0;35356600.0;1814.0;1274.0;Medio
Philippines;Asia;1972.0;58.0;40850141.0;1989.0;3741.0;Medio
Philippines;Asia;1977.0;60.0;46850962.0;2373.0;2043.0;Medio
Philippines;Asia;1982.0;62.0;53456774.0;2603.0;2738.0;Medio
Philippines;Asia;1987.0;64.0;60017788.0;2189.0;6350.0;Medio
Philippines;Asia;1992.0;66.0;67185766.0;2279.0;3240.0;Medio
Philippines;Asia;1997.0;69.0;75012988.0;2536.0;5349.0;Medio
Philippines;Asia;2002.0;70.0;82995088.0;2650.0;9211.0;Medio
Philippines;Asia;2007.0;72.0;91077287.0;3190.0;4810.0;Medio
Poland;Europe;1952.0;61.0;25730551.0;4029.0;3297.0;Medio
Poland;Europe;1957.0;66.0;28235346.0;4734.0;2530.0;Medio
Poland;Europe;1962.0;68.0;30329617.0;5338.0;7521.0;Medio
Poland;Europe;1967.0;70.0;31785378.0;6557.0;1528.0;Medio
Poland;Europe;1972.0;71.0;33039545.0;8006.0;5070.0;Alto
Poland;Europe;1977.0;71.0;34621254.0;9508.0;1415.0;Alto
Poland;Europe;1982.0;71.0;36227381.0;8451.0;5310.0;Alto
Poland;Europe;1987.0;71.0;37740710.0;9082.0;3512.0;Alto
Poland;Europe;1992.0;71.0;38370697.0;7738.0;8812.0;Alto
Poland;Europe;1997.0;73.0;38654957.0;10159.0;5837.0;Alto
Poland;Europe;2002.0;75.0;38625976.0;12002.0;2391.0;Alto
Poland;Europe;2007.0;76.0;38518241.0;15389.0;9247.0;Alto
Portugal;Europe;1952.0;60.0;8526050.0;3068.0;3199.0;Medio
Portugal;Europe;1957.0;62.0;8817650.0;3774.0;5717.0;Medio
Portugal;Europe;1962.0;64.0;9019800.0;4727.0;9549.0;Medio
Portugal;Europe;1967.0;67.0;9103000.0;6361.0;5180.0;Medio
Portugal;Europe;1972.0;69.0;8970450.0;9022.0;2474.0;Alto
Portugal;Europe;1977.0;70.0;9662600.0;10172.0;4857.0;Alto
Portugal;Europe;1982.0;73.0;9859650.0;11753.0;8429.0;Alto
Portugal;Europe;1987.0;74.0;9915289.0;13039.0;3088.0;Alto
Portugal;Europe;1992.0;75.0;9927680.0;16207.0;2666.0;Alto
Portugal;Europe;1997.0;76.0;10156415.0;17641.0;316.0;Alto
Portugal;Europe;2002.0;77.0;10433867.0;19970.0;9079.0;Alto
Portugal;Europe;2007.0;78.0;10642836.0;20509.0;6478.0;Alto
Puerto Rico;Americas;1952.0;64.0;2227000.0;3081.0;9598.0;Medio
Puerto Rico;Americas;1957.0;69.0;2260000.0;3907.0;1562.0;Medio
Puerto Rico;Americas;1962.0;70.0;2448046.0;5108.0;3446.0;Medio
Puerto Rico;Americas;1967.0;71.0;2648961.0;6929.0;2777.0;Alto
Puerto Rico;Americas;1972.0;72.0;2847132.0;9123.0;417.0;Alto
Puerto Rico;Americas;1977.0;73.0;3080828.0;9770.0;5249.0;Alto
Puerto Rico;Americas;1982.0;74.0;3279001.0;10330.0;9892.0;Alto
Puerto Rico;Americas;1987.0;75.0;3444468.0;12281.0;3419.0;Alto
Puerto Rico;Americas;1992.0;74.0;3585176.0;14641.0;5871.0;Alto
Puerto Rico;Americas;1997.0;75.0;3759430.0;16999.0;4333.0;Alto
Puerto Rico;Americas;2002.0;78.0;3859606.0;18855.0;6062.0;Alto
Puerto Rico;Americas;2007.0;79.0;3942491.0;19328.0;7090.0;Alto
Reunion;Africa;1952.0;53.0;257700.0;2718.0;8853.0;Medio
Reunion;Africa;1957.0;55.0;308700.0;2769.0;4518.0;Medio
Reunion;Africa;1962.0;58.0;358900.0;3173.0;7233.0;Medio
Reunion;Africa;1967.0;61.0;414024.0;4021.0;1757.0;Medio
Reunion;Africa;1972.0;64.0;461633.0;5047.0;6586.0;Medio
Reunion;Africa;1977.0;67.0;492095.0;4319.0;8041.0;Medio
Reunion;Africa;1982.0;70.0;517810.0;5267.0;2194.0;Medio
Reunion;Africa;1987.0;72.0;562035.0;5303.0;3775.0;Medio
Reunion;Africa;1997.0;75.0;684810.0;6071.0;9414.0;Medio
Reunion;Africa;2002.0;76.0;743981.0;6316.0;1652.0;Medio
Reunion;Africa;2007.0;76.0;798094.0;7670.0;1226.0;Alto
Romania;Europe;1957.0;64.0;17829327.0;3943.0;3702.0;Medio
Romania;Europe;1967.0;67.0;19284814.0;6470.0;8665.0;Medio
Romania;Europe;1972.0;69.0;20662648.0;8011.0;4144.0;Alto
Romania;Europe;1977.0;69.0;21658597.0;9356.0;3972.0;Alto
Romania;Europe;1982.0;70.0;22356726.0;9605.0;3141.0;Alto
Romania;Europe;1987.0;70.0;22686371.0;9696.0;2733.0;Alto
Romania;Europe;1992.0;69.0;22797027.0;6598.0;4099.0;Medio
Romania;Europe;1997.0;70.0;22562458.0;7346.0;5476.0;Alto
Romania;Europe;2007.0;72.0;22276056.0;10808.0;4756.0;Alto
Rwanda;Africa;1952.0;40.0;2534927.0;493.0;3239.0;Bajo
Rwanda;Africa;1957.0;42.0;2822082.0;540.0;2894.0;Bajo
Rwanda;Africa;1962.0;43.0;3051242.0;597.0;4731.0;Bajo
Rwanda;Africa;1967.0;44.0;3451079.0;510.0;9637.0;Bajo
Rwanda;Africa;1972.0;45.0;3992121.0;590.0;5807.0;Bajo
Rwanda;Africa;1977.0;45.0;4657072.0;670.0;806.0;Bajo
Rwanda;Africa;1982.0;46.0;5507565.0;881.0;5706.0;Bajo
Rwanda;Africa;1987.0;44.0;6349365.0;847.0;9912.0;Bajo
Rwanda;Africa;1992.0;24.0;7290203.0;737.0;686.0;Bajo
Rwanda;Africa;1997.0;36.0;7212583.0;589.0;9445.0;Bajo
Rwanda;Africa;2002.0;43.0;7852401.0;785.0;6538.0;Bajo
Rwanda;Africa;2007.0;46.0;8860588.0;863.0;885.0;Bajo
Sao Tome and Principe;Africa;1952.0;46.0;60011.0;879.0;5836.0;Bajo
Sao Tome and Principe;Africa;1957.0;49.0;61325.0;860.0;7369.0;Bajo
Sao Tome and Principe;Africa;1962.0;52.0;65345.0;1071.0;5511.0;Bajo
Sao Tome and Principe;Africa;1967.0;54.0;70787.0;1384.0;8406.0;Bajo
Sao Tome and Principe;Africa;1972.0;56.0;76595.0;1532.0;9853.0;Bajo
Sao Tome and Principe;Africa;1977.0;59.0;86796.0;1737.0;5617.0;Medio
Sao Tome and Principe;Africa;1982.0;60.0;98593.0;1890.0;2181.0;Medio
Sao Tome and Principe;Africa;1987.0;62.0;110812.0;1516.0;5255.0;Bajo
Sao Tome and Principe;Africa;1992.0;63.0;125911.0;1428.0;7778.0;Bajo
Sao Tome and Principe;Africa;1997.0;63.0;145608.0;1339.0;760.0;Bajo
Sao Tome and Principe;Africa;2002.0;64.0;170372.0;1353.0;924.0;Bajo
Sao Tome and Principe;Africa;2007.0;66.0;199579.0;1598.0;4351.0;Bajo
Saudi Arabia;Asia;1957.0;43.0;4419650.0;8157.0;5912.0;Alto
Saudi Arabia;Asia;1962.0;46.0;4943029.0;11626.0;4198.0;Alto
Saudi Arabia;Asia;1967.0;50.0;5618198.0;16903.0;489.0;Alto
Saudi Arabia;Asia;1972.0;54.0;6472756.0;24837.0;4287.0;Alto
Saudi Arabia;Asia;1977.0;59.0;8128505.0;34167.0;7626.0;Alto
Saudi Arabia;Asia;1982.0;63.0;11254672.0;33693.0;1753.0;Alto
Saudi Arabia;Asia;1987.0;66.0;14619745.0;21198.0;2614.0;Alto
Saudi Arabia;Asia;1992.0;69.0;16945857.0;24841.0;6178.0;Alto
Saudi Arabia;Asia;1997.0;71.0;21229759.0;20586.0;6902.0;Alto
Saudi Arabia;Asia;2002.0;72.0;24501530.0;19014.0;5412.0;Alto
Saudi Arabia;Asia;2007.0;73.0;27601038.0;21654.0;8319.0;Alto
Senegal;Africa;1952.0;37.0;2755589.0;1450.0;3570.0;Bajo
Senegal;Africa;1957.0;39.0;3054547.0;1567.0;6530.0;Bajo
Senegal;Africa;1962.0;41.0;3430243.0;1654.0;9887.0;Bajo
Senegal;Africa;1967.0;44.0;3965841.0;1612.0;4046.0;Bajo
Senegal;Africa;1972.0;46.0;4588696.0;1597.0;7121.0;Bajo
Senegal;Africa;1977.0;49.0;5260855.0;1561.0;7691.0;Bajo
Senegal;Africa;1982.0;52.0;6147783.0;1518.0;4800.0;Bajo
Senegal;Africa;1987.0;56.0;7171347.0;1441.0;7207.0;Bajo
Senegal;Africa;1992.0;58.0;8307920.0;1367.0;8994.0;Bajo
Senegal;Africa;1997.0;60.0;9535314.0;1392.0;3683.0;Bajo
Senegal;Africa;2002.0;62.0;10870037.0;1519.0;6353.0;Bajo
Senegal;Africa;2007.0;63.0;12267493.0;1712.0;4721.0;Medio
Serbia;Europe;1952.0;58.0;6860147.0;3581.0;4594.0;Medio
Serbia;Europe;1957.0;62.0;7271135.0;4981.0;909.0;Medio
Serbia;Europe;1962.0;65.0;7616060.0;6289.0;6292.0;Medio
Serbia;Europe;1967.0;67.0;7971222.0;7991.0;7071.0;Alto
Serbia;Europe;1972.0;69.0;8313288.0;10522.0;675.0;Alto
Serbia;Europe;1977.0;70.0;8686367.0;12980.0;6696.0;Alto
Serbia;Europe;1982.0;70.0;9032824.0;15181.0;927.0;Alto
Serbia;Europe;1987.0;71.0;9230783.0;15870.0;8785.0;Alto
Serbia;Europe;1992.0;72.0;9826397.0;9325.0;682.0;Alto
Serbia;Europe;1997.0;72.0;10336594.0;7914.0;3203.0;Alto
Serbia;Europe;2002.0;73.0;10111559.0;7236.0;753.0;Alto
Serbia;Europe;2007.0;74.0;10150265.0;9786.0;5347.0;Alto
Sierra Leone;Africa;1952.0;30.0;2143249.0;879.0;7877.0;Bajo
Sierra Leone;Africa;1957.0;32.0;2295678.0;1004.0;4844.0;Bajo
Sierra Leone;Africa;1962.0;33.0;2467895.0;1116.0;6399.0;Bajo
Sierra Leone;Africa;1967.0;34.0;2662190.0;1206.0;435.0;Bajo
Sierra Leone;Africa;1972.0;35.0;2879013.0;1353.0;7598.0;Bajo
Sierra Leone;Africa;1977.0;37.0;3140897.0;1348.0;2852.0;Bajo
Sierra Leone;Africa;1982.0;38.0;3464522.0;1465.0;108.0;Bajo
Sierra Leone;Africa;1987.0;40.0;3868905.0;1294.0;4478.0;Bajo
Sierra Leone;Africa;1992.0;38.0;4260884.0;1068.0;6963.0;Bajo
Sierra Leone;Africa;1997.0;40.0;4578212.0;574.0;6482.0;Bajo
Sierra Leone;Africa;2002.0;41.0;5359092.0;699.0;4897.0;Bajo
Sierra Leone;Africa;2007.0;43.0;6144562.0;862.0;5408.0;Bajo
Singapore;Asia;1952.0;60.0;1127000.0;2315.0;1382.0;Medio
Singapore;Asia;1957.0;63.0;1445929.0;2843.0;1044.0;Medio
Singapore;Asia;1962.0;66.0;1750200.0;3674.0;7356.0;Medio
Singapore;Asia;1967.0;68.0;1977600.0;4977.0;4185.0;Medio
Singapore;Asia;1972.0;70.0;2152400.0;8597.0;7562.0;Alto
Singapore;Asia;1977.0;71.0;2325300.0;11210.0;895.0;Alto
Singapore;Asia;1982.0;72.0;2651869.0;15169.0;1611.0;Alto
Singapore;Asia;1987.0;74.0;2794552.0;18861.0;5308.0;Alto
Singapore;Asia;1992.0;76.0;3235865.0;24769.0;8912.0;Alto
Singapore;Asia;1997.0;77.0;3802309.0;33519.0;4766.0;Alto
Singapore;Asia;2002.0;79.0;4197776.0;36023.0;1054.0;Alto
Singapore;Asia;2007.0;80.0;4553009.0;47143.0;1796.0;Alto
Slovak Republic;Europe;1952.0;64.0;3558137.0;5074.0;6591.0;Medio
Slovak Republic;Europe;1957.0;67.0;3844277.0;6093.0;2630.0;Medio
Slovak Republic;Europe;1962.0;70.0;4237384.0;7481.0;1076.0;Alto
Slovak Republic;Europe;1967.0;71.0;4442238.0;8412.0;9024.0;Alto
Slovak Republic;Europe;1972.0;70.0;4593433.0;9674.0;1676.0;Alto
Slovak Republic;Europe;1977.0;70.0;4827803.0;10922.0;6640.0;Alto
Slovak Republic;Europe;1982.0;71.0;5048043.0;11348.0;5459.0;Alto
Slovak Republic;Europe;1987.0;71.0;5199318.0;12037.0;2676.0;Alto
Slovak Republic;Europe;1992.0;71.0;5302888.0;9498.0;4677.0;Alto
Slovak Republic;Europe;1997.0;73.0;5383010.0;12126.0;2307.0;Alto
Slovak Republic;Europe;2002.0;74.0;5410052.0;13638.0;7784.0;Alto
Slovak Republic;Europe;2007.0;75.0;5447502.0;18678.0;3144.0;Alto
Slovenia;Europe;1952.0;66.0;1489518.0;4215.0;417.0;Medio
Slovenia;Europe;1957.0;68.0;1533070.0;5862.0;2766.0;Medio
Slovenia;Europe;1962.0;69.0;1582962.0;7402.0;3034.0;Alto
Slovenia;Europe;1967.0;69.0;1646912.0;9405.0;4894.0;Alto
Slovenia;Europe;1972.0;70.0;1694510.0;12383.0;4862.0;Alto
Slovenia;Europe;1977.0;71.0;1746919.0;15277.0;302.0;Alto
Slovenia;Europe;1982.0;71.0;1861252.0;17866.0;7218.0;Alto
Slovenia;Europe;1987.0;72.0;1945870.0;18678.0;5349.0;Alto
Slovenia;Europe;1992.0;74.0;1999210.0;14214.0;7168.0;Alto
Slovenia;Europe;1997.0;75.0;2011612.0;17161.0;1074.0;Alto
Slovenia;Europe;2002.0;77.0;2011497.0;20660.0;194.0;Alto
Slovenia;Europe;2007.0;78.0;2009245.0;25768.0;2576.0;Alto
Somalia;Africa;1952.0;33.0;2526994.0;1135.0;7498.0;Bajo
Somalia;Africa;1957.0;35.0;2780415.0;1258.0;1474.0;Bajo
Somalia;Africa;1962.0;37.0;3080153.0;1369.0;4883.0;Bajo
Somalia;Africa;1967.0;39.0;3428839.0;1284.0;7332.0;Bajo
Somalia;Africa;1972.0;41.0;3840161.0;1254.0;5761.0;Bajo
Somalia;Africa;1977.0;42.0;4353666.0;1450.0;9925.0;Bajo
South Africa;Africa;1972.0;54.0;23935810.0;7765.0;9626.0;Alto
South Africa;Africa;1977.0;56.0;27129932.0;8028.0;6514.0;Alto
South Africa;Africa;1982.0;58.0;31140029.0;8568.0;2662.0;Alto
South Africa;Africa;1987.0;61.0;35933379.0;7825.0;8234.0;Alto
South Africa;Africa;1992.0;62.0;39964159.0;7225.0;693.0;Alto
South Africa;Africa;1997.0;60.0;42835005.0;7479.0;1882.0;Alto
South Africa;Africa;2002.0;53.0;44433622.0;7710.0;9464.0;Alto
South Africa;Africa;2007.0;49.0;43997828.0;9269.0;6578.0;Alto
Spain;Europe;1952.0;65.0;28549870.0;3834.0;347.0;Medio
Spain;Europe;1957.0;67.0;29841614.0;4564.0;8024.0;Medio
Spain;Europe;1962.0;70.0;31158061.0;5693.0;8439.0;Medio
Spain;Europe;1967.0;71.0;32850275.0;7993.0;5123.0;Alto
Spain;Europe;1972.0;73.0;34513161.0;10638.0;7513.0;Alto
Spain;Europe;1977.0;74.0;36439000.0;13236.0;9212.0;Alto
Spain;Europe;1982.0;76.0;37983310.0;13926.0;1700.0;Alto
Spain;Europe;1987.0;77.0;38880702.0;15764.0;9831.0;Alto
Spain;Europe;1992.0;78.0;39549438.0;18603.0;645.0;Alto
Spain;Europe;1997.0;79.0;39855442.0;20445.0;2990.0;Alto
Spain;Europe;2002.0;80.0;40152517.0;24835.0;4717.0;Alto
Spain;Europe;2007.0;81.0;40448191.0;28821.0;637.0;Alto
Sri Lanka;Asia;1952.0;58.0;7982342.0;1083.0;5320.0;Bajo
Sri Lanka;Asia;1957.0;61.0;9128546.0;1072.0;5466.0;Bajo
Sri Lanka;Asia;1962.0;62.0;10421936.0;1074.0;4720.0;Bajo
Sri Lanka;Asia;1967.0;64.0;11737396.0;1135.0;5143.0;Bajo
Sri Lanka;Asia;1972.0;65.0;13016733.0;1213.0;3955.0;Bajo
Sri Lanka;Asia;1982.0;69.0;15410151.0;1648.0;798.0;Bajo
Sri Lanka;Asia;1987.0;69.0;16495304.0;1876.0;7668.0;Medio
Sri Lanka;Asia;1992.0;70.0;17587060.0;2153.0;7392.0;Medio
Sri Lanka;Asia;1997.0;70.0;18698655.0;2664.0;4773.0;Medio
Sri Lanka;Asia;2007.0;72.0;20378239.0;3970.0;954.0;Medio
Sudan;Africa;1952.0;39.0;8504667.0;1615.0;9911.0;Bajo
Sudan;Africa;1957.0;40.0;9753392.0;1770.0;3371.0;Medio
Sudan;Africa;1962.0;41.0;11183227.0;1959.0;5938.0;Medio
Sudan;Africa;1967.0;43.0;12716129.0;1687.0;9976.0;Medio
Sudan;Africa;1972.0;45.0;14597019.0;1659.0;6528.0;Medio
Sudan;Africa;1977.0;48.0;17104986.0;2202.0;9884.0;Medio
Sudan;Africa;1982.0;50.0;20367053.0;1895.0;5441.0;Medio
Sudan;Africa;1987.0;52.0;24725960.0;1507.0;8192.0;Bajo
Sudan;Africa;1992.0;54.0;28227588.0;1492.0;1970.0;Bajo
Sudan;Africa;1997.0;55.0;32160729.0;1632.0;2108.0;Bajo
Sudan;Africa;2002.0;56.0;37090298.0;1993.0;3983.0;Medio
Sudan;Africa;2007.0;59.0;42292929.0;2602.0;3950.0;Medio
Swaziland;Africa;1952.0;41.0;290243.0;1148.0;3766.0;Bajo
Swaziland;Africa;1957.0;43.0;326741.0;1244.0;7084.0;Bajo
Swaziland;Africa;1962.0;45.0;370006.0;1856.0;1821.0;Medio
Swaziland;Africa;1992.0;58.0;962344.0;3553.0;224.0;Medio
Swaziland;Africa;1997.0;54.0;1054486.0;3876.0;7685.0;Medio
Swaziland;Africa;2002.0;44.0;1130269.0;4128.0;1169.0;Medio
Swaziland;Africa;2007.0;40.0;1133066.0;4513.0;4806.0;Medio
Sweden;Europe;1952.0;72.0;7124673.0;8527.0;8447.0;Alto
Sweden;Europe;1957.0;72.0;7363802.0;9911.0;8782.0;Alto
Sweden;Europe;1962.0;73.0;7561588.0;12329.0;4419.0;Alto
Sweden;Europe;1967.0;74.0;7867931.0;15258.0;2970.0;Alto
Sweden;Europe;1972.0;75.0;8122293.0;17832.0;246.0;Alto
Sweden;Europe;1977.0;75.0;8251648.0;18855.0;7252.0;Alto
Sweden;Europe;1982.0;76.0;8325260.0;20667.0;3813.0;Alto
Sweden;Europe;1987.0;77.0;8421403.0;23586.0;9293.0;Alto
Sweden;Europe;1992.0;78.0;8718867.0;23880.0;168.0;Alto
Sweden;Europe;1997.0;79.0;8897619.0;25266.0;5950.0;Alto
Sweden;Europe;2002.0;80.0;8954175.0;29341.0;6309.0;Alto
Sweden;Europe;2007.0;81.0;9031088.0;33859.0;7484.0;Alto
Switzerland;Europe;1952.0;70.0;4815000.0;14734.0;2328.0;Alto
Switzerland;Europe;1957.0;71.0;5126000.0;17909.0;4897.0;Alto
Switzerland;Europe;1962.0;71.0;5666000.0;20431.0;927.0;Alto
Switzerland;Europe;1972.0;74.0;6401400.0;27195.0;1130.0;Alto
Switzerland;Europe;1977.0;75.0;6316424.0;26982.0;2905.0;Alto
Switzerland;Europe;1982.0;76.0;6468126.0;28397.0;7151.0;Alto
Switzerland;Europe;1987.0;77.0;6649942.0;30281.0;7046.0;Alto
Switzerland;Europe;1992.0;78.0;6995447.0;31871.0;5303.0;Alto
Switzerland;Europe;1997.0;79.0;7193761.0;32135.0;3230.0;Alto
Switzerland;Europe;2002.0;81.0;7361757.0;34480.0;9577.0;Alto
Switzerland;Europe;2007.0;82.0;7554661.0;37506.0;4191.0;Alto
Syria;Asia;1952.0;46.0;3661549.0;1643.0;4854.0;Bajo
Syria;Asia;1957.0;48.0;4149908.0;2117.0;2349.0;Medio
Syria;Asia;1962.0;50.0;4834621.0;2193.0;371.0;Medio
Syria;Asia;1967.0;54.0;5680812.0;1881.0;9236.0;Medio
Syria;Asia;1972.0;57.0;6701172.0;2571.0;4230.0;Medio
Syria;Asia;1977.0;61.0;7932503.0;3195.0;4846.0;Medio
Syria;Asia;1982.0;65.0;9410494.0;3761.0;8377.0;Medio
Syria;Asia;1987.0;67.0;11242847.0;3116.0;7743.0;Medio
Syria;Asia;1997.0;72.0;15081016.0;4014.0;2390.0;Medio
Syria;Asia;2002.0;73.0;17155814.0;4090.0;9253.0;Medio
Syria;Asia;2007.0;74.0;19314747.0;4184.0;5481.0;Medio
Taiwan;Asia;1957.0;62.0;10164215.0;1507.0;8613.0;Bajo
Taiwan;Asia;1962.0;65.0;11918938.0;1822.0;8790.0;Medio
Taiwan;Asia;1967.0;68.0;13648692.0;2643.0;8587.0;Medio
Taiwan;Asia;1972.0;69.0;15226039.0;4062.0;5239.0;Medio
Taiwan;Asia;1977.0;71.0;16785196.0;5596.0;5198.0;Medio
Taiwan;Asia;1982.0;72.0;18501390.0;7426.0;3548.0;Alto
Taiwan;Asia;1987.0;73.0;19757799.0;11054.0;5618.0;Alto
Taiwan;Asia;1992.0;74.0;20686918.0;15215.0;6579.0;Alto
Taiwan;Asia;1997.0;75.0;21628605.0;20206.0;8210.0;Alto
Taiwan;Asia;2002.0;77.0;22454239.0;23235.0;4233.0;Alto
Taiwan;Asia;2007.0;78.0;23174294.0;28718.0;2768.0;Alto
Tanzania;Africa;1952.0;41.0;8322925.0;716.0;6501.0;Bajo
Tanzania;Africa;1957.0;43.0;9452826.0;698.0;5356.0;Bajo
Tanzania;Africa;1962.0;44.0;10863958.0;722.0;38.0;Bajo
Tanzania;Africa;1967.0;46.0;12607312.0;848.0;2187.0;Bajo
Tanzania;Africa;1972.0;48.0;14706593.0;915.0;9851.0;Bajo
Tanzania;Africa;1977.0;50.0;17129565.0;962.0;4923.0;Bajo
Tanzania;Africa;1982.0;51.0;19844382.0;874.0;2426.0;Bajo
Tanzania;Africa;1987.0;52.0;23040630.0;831.0;8221.0;Bajo
Tanzania;Africa;1992.0;50.0;26605473.0;825.0;6825.0;Bajo
Tanzania;Africa;1997.0;48.0;30686889.0;789.0;1862.0;Bajo
Tanzania;Africa;2002.0;50.0;34593779.0;899.0;742.0;Bajo
Tanzania;Africa;2007.0;53.0;38139640.0;1107.0;4822.0;Bajo
Thailand;Asia;1952.0;51.0;21289402.0;757.0;7974.0;Bajo
Thailand;Asia;1957.0;54.0;25041917.0;793.0;5774.0;Bajo
Thailand;Asia;1962.0;56.0;29263397.0;1002.0;1992.0;Bajo
Thailand;Asia;1967.0;58.0;34024249.0;1295.0;4607.0;Bajo
Thailand;Asia;1972.0;60.0;39276153.0;1524.0;3589.0;Bajo
Thailand;Asia;1977.0;62.0;44148285.0;1961.0;2246.0;Medio
Thailand;Asia;1982.0;65.0;48827160.0;2393.0;2198.0;Medio
Thailand;Asia;1987.0;66.0;52910342.0;2982.0;6538.0;Medio
Thailand;Asia;1992.0;67.0;56667095.0;4616.0;8965.0;Medio
Thailand;Asia;1997.0;68.0;60216677.0;5852.0;6255.0;Medio
Thailand;Asia;2002.0;69.0;62806748.0;5913.0;1875.0;Medio
Thailand;Asia;2007.0;71.0;65068149.0;7458.0;3963.0;Alto
Togo;Africa;1952.0;39.0;1219113.0;859.0;8087.0;Bajo
Togo;Africa;1957.0;41.0;1357445.0;925.0;9083.0;Bajo
Togo;Africa;1962.0;44.0;1528098.0;1067.0;5348.0;Bajo
Togo;Africa;1967.0;47.0;1735550.0;1477.0;5968.0;Bajo
Togo;Africa;1972.0;50.0;2056351.0;1649.0;6602.0;Bajo
Togo;Africa;1977.0;53.0;2308582.0;1532.0;7770.0;Bajo
Togo;Africa;1982.0;55.0;2644765.0;1344.0;5780.0;Bajo
Togo;Africa;1987.0;57.0;3154264.0;1202.0;2014.0;Bajo
Togo;Africa;1992.0;58.0;3747553.0;1034.0;2989.0;Bajo
Togo;Africa;1997.0;58.0;4320890.0;982.0;2869.0;Bajo
Togo;Africa;2002.0;58.0;4977378.0;886.0;2206.0;Bajo
Togo;Africa;2007.0;58.0;5701579.0;882.0;9699.0;Bajo
Trinidad and Tobago;Americas;1952.0;59.0;662850.0;3023.0;2719.0;Medio
Trinidad and Tobago;Americas;1957.0;62.0;764900.0;4100.0;3934.0;Medio
Trinidad and Tobago;Americas;1962.0;65.0;887498.0;4997.0;5240.0;Medio
Trinidad and Tobago;Americas;1967.0;65.0;960155.0;5621.0;3685.0;Medio
Trinidad and Tobago;Americas;1972.0;66.0;975199.0;6619.0;5514.0;Medio
Trinidad and Tobago;Americas;1977.0;68.0;1039009.0;7899.0;5542.0;Alto
Trinidad and Tobago;Americas;1982.0;69.0;1116479.0;9119.0;5286.0;Alto
Trinidad and Tobago;Americas;1987.0;70.0;1191336.0;7388.0;5978.0;Alto
Trinidad and Tobago;Americas;1992.0;70.0;1183669.0;7370.0;9909.0;Alto
Trinidad and Tobago;Americas;1997.0;69.0;1138101.0;8792.0;5731.0;Alto
Trinidad and Tobago;Americas;2002.0;69.0;1101832.0;11460.0;6002.0;Alto
Trinidad and Tobago;Americas;2007.0;70.0;1056608.0;18008.0;5092.0;Alto
Tunisia;Africa;1952.0;45.0;3647735.0;1468.0;4756.0;Bajo
Tunisia;Africa;1957.0;47.0;3950849.0;1395.0;2325.0;Bajo
Tunisia;Africa;1962.0;50.0;4286552.0;1660.0;3032.0;Medio
Tunisia;Africa;1967.0;52.0;4786986.0;1932.0;3602.0;Medio
Tunisia;Africa;1972.0;56.0;5303507.0;2753.0;2860.0;Medio
Tunisia;Africa;1977.0;60.0;6005061.0;3120.0;8768.0;Medio
Tunisia;Africa;1982.0;64.0;6734098.0;3560.0;2332.0;Medio
Tunisia;Africa;1987.0;67.0;7724976.0;3810.0;4193.0;Medio
Tunisia;Africa;1992.0;70.0;8523077.0;4332.0;7202.0;Medio
Tunisia;Africa;1997.0;72.0;9231669.0;4876.0;7986.0;Medio
Tunisia;Africa;2002.0;73.0;9770575.0;5722.0;8957.0;Medio
Tunisia;Africa;2007.0;74.0;10276158.0;7092.0;9230.0;Alto
Turkey;Europe;1952.0;44.0;22235677.0;1969.0;1010.0;Medio
Turkey;Europe;1957.0;48.0;25670939.0;2218.0;7543.0;Medio
Turkey;Europe;1962.0;52.0;29788695.0;2322.0;8699.0;Medio
Turkey;Europe;1967.0;54.0;33411317.0;2826.0;3564.0;Medio
Turkey;Europe;1972.0;57.0;37492953.0;3450.0;6964.0;Medio
Turkey;Europe;1977.0;60.0;42404033.0;4269.0;1223.0;Medio
Turkey;Europe;1982.0;61.0;47328791.0;4241.0;3563.0;Medio
Turkey;Europe;1987.0;63.0;52881328.0;5089.0;437.0;Medio
Turkey;Europe;1992.0;66.0;58179144.0;5678.0;3483.0;Medio
Turkey;Europe;1997.0;69.0;63047647.0;6601.0;4299.0;Medio
Turkey;Europe;2002.0;71.0;67308928.0;6508.0;857.0;Medio
Turkey;Europe;2007.0;72.0;71158647.0;8458.0;2764.0;Alto
Uganda;Africa;1952.0;40.0;5824797.0;734.0;7535.0;Bajo
Uganda;Africa;1957.0;43.0;6675501.0;774.0;3711.0;Bajo
Uganda;Africa;1962.0;45.0;7688797.0;767.0;2717.0;Bajo
Uganda;Africa;1967.0;48.0;8900294.0;908.0;9185.0;Bajo
Uganda;Africa;1972.0;51.0;10190285.0;950.0;7359.0;Bajo
Uganda;Africa;1977.0;50.0;11457758.0;843.0;7331.0;Bajo
Uganda;Africa;1982.0;50.0;12939400.0;682.0;2662.0;Bajo
Uganda;Africa;1987.0;52.0;15283050.0;617.0;7244.0;Bajo
Uganda;Africa;1992.0;49.0;18252190.0;644.0;1708.0;Bajo
Uganda;Africa;1997.0;45.0;21210254.0;816.0;5591.0;Bajo
Uganda;Africa;2002.0;48.0;24739869.0;927.0;7210.0;Bajo
Uganda;Africa;2007.0;52.0;29170398.0;1056.0;3801.0;Bajo
United Kingdom;Europe;1952.0;69.0;50430000.0;9979.0;5085.0;Alto
United Kingdom;Europe;1957.0;70.0;51430000.0;11283.0;1780.0;Alto
United Kingdom;Europe;1962.0;71.0;53292000.0;12477.0;1771.0;Alto
United Kingdom;Europe;1967.0;71.0;54959000.0;14142.0;8509.0;Alto
United Kingdom;Europe;1972.0;72.0;56079000.0;15895.0;1164.0;Alto
United Kingdom;Europe;1977.0;73.0;56179000.0;17428.0;7485.0;Alto
United Kingdom;Europe;1982.0;74.0;56339704.0;18232.0;4245.0;Alto
United Kingdom;Europe;1987.0;75.0;56981620.0;21664.0;7877.0;Alto
United Kingdom;Europe;1992.0;76.0;57866349.0;22705.0;925.0;Alto
United Kingdom;Europe;1997.0;77.0;58808266.0;26074.0;5314.0;Alto
United Kingdom;Europe;2002.0;78.0;59912431.0;29478.0;9992.0;Alto
United Kingdom;Europe;2007.0;79.0;60776238.0;33203.0;2613.0;Alto
United States;Americas;1952.0;68.0;157553000.0;13990.0;4821.0;Alto
United States;Americas;1957.0;69.0;171984000.0;14847.0;1271.0;Alto
United States;Americas;1962.0;70.0;186538000.0;16173.0;1459.0;Alto
United States;Americas;1967.0;71.0;198712000.0;19530.0;3656.0;Alto
United States;Americas;1972.0;71.0;209896000.0;21806.0;359.0;Alto
United States;Americas;1977.0;73.0;220239000.0;24072.0;6321.0;Alto
United States;Americas;1982.0;75.0;232187835.0;25009.0;5591.0;Alto
United States;Americas;1987.0;75.0;242803533.0;29884.0;3504.0;Alto
United States;Americas;1992.0;76.0;256894189.0;32003.0;9322.0;Alto
United States;Americas;1997.0;77.0;272911760.0;35767.0;4330.0;Alto
United States;Americas;2002.0;77.0;287675526.0;39097.0;996.0;Alto
United States;Americas;2007.0;78.0;301139947.0;42951.0;6531.0;Alto
Uruguay;Americas;1952.0;66.0;2252965.0;5716.0;7667.0;Medio
Uruguay;Americas;1957.0;67.0;2424959.0;6150.0;7730.0;Medio
Uruguay;Americas;1962.0;68.0;2598466.0;5603.0;3577.0;Medio
Uruguay;Americas;1967.0;68.0;2748579.0;5444.0;6196.0;Medio
Uruguay;Americas;1972.0;69.0;2829526.0;5703.0;4089.0;Medio
Uruguay;Americas;1977.0;69.0;2873520.0;6504.0;3397.0;Medio
Uruguay;Americas;1982.0;71.0;2953997.0;6920.0;2231.0;Alto
Uruguay;Americas;1987.0;72.0;3045153.0;7452.0;3990.0;Alto
Uruguay;Americas;1992.0;73.0;3149262.0;8137.0;48.0;Alto
Uruguay;Americas;1997.0;74.0;3262838.0;9230.0;2407.0;Alto
Uruguay;Americas;2002.0;75.0;3363085.0;7727.0;20.0;Alto
Uruguay;Americas;2007.0;76.0;3447496.0;10611.0;4630.0;Alto
Venezuela;Americas;1952.0;55.0;5439568.0;7689.0;7998.0;Alto
Venezuela;Americas;1957.0;58.0;6702668.0;9802.0;4665.0;Alto
Venezuela;Americas;1962.0;61.0;8143375.0;8422.0;9742.0;Alto
Venezuela;Americas;1967.0;63.0;9709552.0;9541.0;4742.0;Alto
Venezuela;Americas;1972.0;66.0;11515649.0;10505.0;2597.0;Alto
Venezuela;Americas;1977.0;67.0;13503563.0;13143.0;9510.0;Alto
Venezuela;Americas;1982.0;69.0;15620766.0;11152.0;4101.0;Alto
Venezuela;Americas;1987.0;70.0;17910182.0;9883.0;5846.0;Alto
Venezuela;Americas;1992.0;71.0;20265563.0;10733.0;9263.0;Alto
Venezuela;Americas;1997.0;72.0;22374398.0;10165.0;4952.0;Alto
Venezuela;Americas;2002.0;73.0;24287670.0;8605.0;478.0;Alto
Venezuela;Americas;2007.0;74.0;26084662.0;11415.0;8057.0;Alto
Vietnam;Asia;1952.0;40.0;26246839.0;605.0;665.0;Bajo
Vietnam;Asia;1957.0;43.0;28998543.0;676.0;2854.0;Bajo
Vietnam;Asia;1962.0;45.0;33796140.0;772.0;492.0;Bajo
Vietnam;Asia;1967.0;48.0;39463910.0;637.0;1233.0;Bajo
Vietnam;Asia;1972.0;50.0;44655014.0;699.0;5016.0;Bajo
Vietnam;Asia;1977.0;56.0;50533506.0;713.0;5371.0;Bajo
Vietnam;Asia;1982.0;59.0;56142181.0;707.0;2358.0;Bajo
Vietnam;Asia;1987.0;63.0;62826491.0;820.0;7994.0;Bajo
Vietnam;Asia;1992.0;68.0;69940728.0;989.0;231.0;Bajo
Vietnam;Asia;1997.0;71.0;76048996.0;1385.0;8968.0;Bajo
Vietnam;Asia;2002.0;73.0;80908147.0;1764.0;4567.0;Medio
Vietnam;Asia;2007.0;74.0;85262356.0;2441.0;5764.0;Medio
West Bank and Gaza;Asia;1952.0;43.0;1030585.0;1515.0;5923.0;Bajo
West Bank and Gaza;Asia;1957.0;46.0;1070439.0;1827.0;677.0;Medio
West Bank and Gaza;Asia;1962.0;48.0;1133134.0;2198.0;9563.0;Medio
West Bank and Gaza;Asia;1967.0;52.0;1142636.0;2649.0;7150.0;Medio
West Bank and Gaza;Asia;1972.0;57.0;1089572.0;3133.0;4093.0;Medio
West Bank and Gaza;Asia;1977.0;61.0;1261091.0;3682.0;8315.0;Medio
West Bank and Gaza;Asia;1982.0;64.0;1425876.0;4336.0;321.0;Medio
West Bank and Gaza;Asia;1987.0;67.0;1691210.0;5107.0;1974.0;Medio
West Bank and Gaza;Asia;1992.0;70.0;2104779.0;6017.0;6548.0;Medio
West Bank and Gaza;Asia;1997.0;71.0;2826046.0;7110.0;6676.0;Alto
West Bank and Gaza;Asia;2002.0;72.0;3389578.0;4515.0;4876.0;Medio
West Bank and Gaza;Asia;2007.0;73.0;4018332.0;3025.0;3498.0;Medio
Zambia;Africa;1952.0;42.0;2672000.0;1147.0;3888.0;Bajo
Zambia;Africa;1957.0;44.0;3016000.0;1311.0;9568.0;Bajo
Zambia;Africa;1962.0;46.0;3421000.0;1452.0;7258.0;Bajo
Zambia;Africa;1967.0;48.0;3900000.0;1777.0;773.0;Medio
Zambia;Africa;1972.0;50.0;4506497.0;1773.0;4983.0;Medio
Zambia;Africa;1977.0;51.0;5216550.0;1588.0;6883.0;Bajo
Zambia;Africa;1982.0;52.0;6100407.0;1408.0;6786.0;Bajo
Zambia;Africa;1987.0;51.0;7272406.0;1213.0;3151.0;Bajo
Zambia;Africa;1992.0;46.0;8381163.0;1210.0;8846.0;Bajo
Zambia;Africa;1997.0;40.0;9417789.0;1071.0;3538.0;Bajo
Zambia;Africa;2002.0;39.0;10595811.0;1071.0;6139.0;Bajo
Zambia;Africa;2007.0;42.0;11746035.0;1271.0;2116.0;Bajo
Zimbabwe;Africa;1952.0;48.0;3080907.0;406.0;8841.0;Bajo
Zimbabwe;Africa;1957.0;50.0;3646340.0;518.0;7643.0;Bajo
Zimbabwe;Africa;1962.0;52.0;4277736.0;527.0;2722.0;Bajo
Zimbabwe;Africa;1967.0;54.0;4995432.0;569.0;7951.0;Bajo
Zimbabwe;Africa;1972.0;56.0;5861135.0;799.0;3622.0;Bajo
Zimbabwe;Africa;1977.0;58.0;6642107.0;685.0;5877.0;Bajo
Zimbabwe;Africa;1982.0;60.0;7636524.0;788.0;8550.0;Bajo
Zimbabwe;Africa;1987.0;62.0;9216418.0;706.0;1573.0;Bajo
Zimbabwe;Africa;1992.0;60.0;10704340.0;693.0;4208.0;Bajo
Zimbabwe;Africa;1997.0;47.0;11404948.0;792.0;4500.0;Bajo
Zimbabwe;Africa;2002.0;40.0;11926563.0;672.0;386.0;Bajo
Zimbabwe;Africa;2007.0;43.0;12311143.0;469.0;7093.0;Bajo
